sector,file,line,function,kind,years_in_equation,candidate_class (to be confirmed),"equation (quoted from Earth4All.jl, MIT)"
climate,src/climate/subsystems.jl,118,climate,switch on t,"1980,2022",candidate baseline trend (anchored in 1980),"KN2OEKF ~ KN2OKF1980 * exp(-(RDN2OKF) * (t - 1980)) * IfElse.ifelse(t > 2022, exp(-(ERDN2OKF2022) * (t - 2022)), 1)"
climate,src/climate/subsystems.jl,128,climate,switch on t,"1980,2022",candidate baseline trend (anchored in 1980),"KCH4EKC ~ KCH4KC1980 * exp(-(RDCH4KC) * (t - 1980)) * IfElse.ifelse(t > 2022, exp(-(ERDCH4KC2022) * (t - 2022)), 1)"
climate,src/climate/subsystems.jl,138,climate,switch on t,2022,candidate policy input (starts 2022),"OWLCO2 ~ IfElse.ifelse(t > 2022, 1 + SOWLCO2 * (OW / OBWA2022 - 1), 1)"
climate,src/climate/subsystems.jl,145,climate,ramp,2022,candidate policy input (starts 2022),"DACCO2 ~ IfElse.ifelse(t > 2022, ramp(t, (DACCO22100) / IPP, 2022, 2022 + IPP), 0)"
demand,src/demand/subsystems.jl,130,demand,ramp,"1980,2022,2100",candidate baseline trend (anchored in 1980),"BITRO ~ min(1, ITRO1980) + ramp(t, (ITRO2022 - ITRO1980) / 42, 1980, 2022) + ramp(t, (GITRO - ITRO2022) / 78, 2022, 2100)"
demand,src/demand/subsystems.jl,138,demand,switch on t,2022,candidate policy input (starts 2022),"EGTF2022 ~ IfElse.ifelse(t > 2022, EGTRF2022 + EETF2022 + EPTF2022, 0) * NI"
demand,src/demand/subsystems.jl,140,demand,switch on t,2022,candidate policy input (starts 2022),"ETTAF2022 ~ IfElse.ifelse(t > 2022, ECTAF2022 * FETACPET, 0)"
demand,src/demand/subsystems.jl,146,demand,switch on t,2022,candidate policy input (starts 2022),"GFGBW ~ FT1980 + IfElse.ifelse(t > 2022, ETGBW, 0)"
demand,src/demand/subsystems.jl,152,demand,step,2022,candidate policy input (starts 2022),"GND ~ max(0, (MGD - GD) / GDDP) + step(t, GSF2022, 2022) * NI"
demand,src/demand/subsystems.jl,159,demand,ramp,"2020,2022",candidate policy input (starts 2022),"IC2022 ~ NI * IfElse.ifelse(t > 2022, ramp(t, GEIC / IPP, 2022, 2020 + IPP), 0)"
energy,src/energy/subsystems.jl,144,energy,ramp,2022,candidate policy input (starts 2022),"FCO2SCCS ~ FCO2SCCS2022 + ramp(t, (GFCO2SCCS - FCO2SCCS2022) / IPP, 2022, 2022 + IPP)"
energy,src/energy/subsystems.jl,152,energy,step,2022,candidate policy input (starts 2022),"IEEPI ~ EROCEPA2022 * 0 + step(t, EROCEPA2022, 2022)"
energy,src/energy/subsystems.jl,157,energy,ramp,"1980,2022",candidate baseline trend (anchored in 1980),"FNE ~ FNE1980 + ramp(t, (FNE2022 - FNE1980) / 42, 1980, 2022) + ramp(t, (GFNE - FNE2022) / IPP, 2022, 2022 + IPP)"
energy,src/energy/subsystems.jl,164,energy,ramp,"1980,2022",candidate baseline trend (anchored in 1980),"DRES ~ REFF1980 + ramp(t, (REFF2022 - REFF1980) / 42, 1980, 2022) + ramp(t, (GREF - REFF2022) / IPP, 2022, 2022 + IPP)"
energy,src/energy/subsystems.jl,220,energy,switch on t,2022,candidate policy input (starts 2022),"ECETSGDP ~ IfElse.ifelse(t > 2022, (CE - TCEN) / GDP, 0)"
foodland,src/foodland/subsystems.jl,148,foodland,ramp,"2022,2100",candidate policy input (starts 2022),"CEM ~ IfElse.ifelse(t > 2022, 1 - SSP2LMA * ramp(t, (1 - 0) / 78, 2022, 2100), 1)"
foodland,src/foodland/subsystems.jl,153,foodland,switch on t,2022,candidate policy input (starts 2022),"CO2ELY ~ IfElse.ifelse(t > 2022, 1 + CO2CEACY * (CO2CA / CO2C2022 - 1), 1)"
foodland,src/foodland/subsystems.jl,170,foodland,ramp,2022,candidate policy input (starts 2022),"CWR ~ ramp(t, GCWR / IPP, 2022, 2022 + IPP)"
foodland,src/foodland/subsystems.jl,180,foodland,ramp,"2022,2100",candidate policy input (starts 2022),"FAM ~ IfElse.ifelse(t > 2022, 1 + SSP2LMA * ramp(t, (MFAM - 1) / 78, 2022, 2100), 1)"
foodland,src/foodland/subsystems.jl,188,foodland,ramp,2022,candidate policy input (starts 2022),"FNRM ~ ramp(t, GFNRM / IPP, 2022, 2022 + IPP)"
foodland,src/foodland/subsystems.jl,192,foodland,ramp,"2020,2022",candidate policy input (starts 2022),"FRA ~ ramp(t, GFRA / IPP, 2022, 2020 + IPP)"
foodland,src/foodland/subsystems.jl,193,foodland,switch on t,"1980,2022",candidate baseline trend (anchored in 1980),"FSPI ~ exp(ROCFSP * (t - 1980)) * IfElse.ifelse(t > 2022, exp(EROCFSP * (t - 2022)), 1)"
foodland,src/foodland/subsystems.jl,200,foodland,ramp,"2022,2100",candidate policy input (starts 2022),"LERM ~ IfElse.ifelse(t > 2022, 1 - SSP2LMA * ramp(t, (1 - 0) / 78, 2022, 2100), 1)"
foodland,src/foodland/subsystems.jl,210,foodland,ramp,"2022,2100",candidate policy input (starts 2022),"OGRRM ~ IfElse.ifelse(t > 2022, 1 - SSP2LMA * ramp(t, (1 - 0) / 78, 2022, 2100), 1)"
foodland,src/foodland/subsystems.jl,229,foodland,switch on t,2022,candidate policy input (starts 2022),"WELY ~ IfElse.ifelse(t > 2022, 1 + OWEACY * (OW / OW2022 - 1), 1)"
inventory,src/inventory/subsystems.jl,55,inventory,switch on t,1984,to classify,"DEL ~ ((EPP / PPU) / (DELDI / DDI1980)) * IfElse.ifelse(t > 1984, PNIS, 1)"
labourmarket,src/labourmarket/subsystems.jl,88,labour_market,ramp,2022,candidate policy input (starts 2022),"ENLPR2022 ~ ramp(t, GENLPR / IPP, 2022, 2022 + IPP)"
output,src/output/subsystems.jl,125,output,switch on t,2022,candidate policy input (starts 2022),"OBSGIPIS ~ IfElse.ifelse(t > 2022, USPIS2022, 0)"
output,src/output/subsystems.jl,126,output,switch on t,2022,candidate policy input (starts 2022),"OBSGIPUS ~ IfElse.ifelse(t > 2022, 0.01 + USPUS2022, 0.01)"
output,src/output/subsystems.jl,127,output,switch on t,2022,candidate policy input (starts 2022),"OWECC ~ IfElse.ifelse(t > 2022, 1 + OWECCM * (OW / OW2022 - 1), 1)"
output,src/output/subsystems.jl,128,output,switch on t,2022,candidate policy input (starts 2022),"OWELC ~ IfElse.ifelse(t > 2022, 1 + OWELCM * (OW / OW2022 - 1), 1)"
population,src/population/subsystems.jl,91,population,ramp,2022,candidate policy input (starts 2022),"EFR ~ ramp(t, GEFR / IPP, 2022, 2022 + IPP)"
population,src/population/subsystems.jl,92,population,ramp,"2022,22022",candidate policy input (starts 2022),"EPA ~ ramp(t, (GEPA - inits[:EPA]) / IPP, 2022, 22022 + IPP)"
population,src/population/subsystems.jl,94,population,ramp,"2022,2100",candidate policy input (starts 2022),"FM ~ IfElse.ifelse(SSP2FA2022F > 0, IfElse.ifelse(t > 2022, 1 + ramp(t, (MFM - 1) / 78, 2022, 2100), 1), 1)"
population,src/population/subsystems.jl,98,population,ramp,"2022,2100",candidate policy input (starts 2022),"LEM ~ IfElse.ifelse(SSP2FA2022F > 0, IfElse.ifelse(t > 2022, 1 + ramp(t, (MLEM - 1) / 78, 2022, 2100), 1), 1)"
population,src/population/subsystems.jl,111,population,switch on t,2022,candidate policy input (starts 2022),"WELE ~ IfElse.ifelse(t > 2022, max(0, 1 + OWELE * (OW / OW2022 - 1)), 1)"
public,src/public/subsystems.jl,61,public,switch on t,2022,candidate policy input (starts 2022),"DRTA ~ (DROTA1980 + IfElse.ifelse(t > 2022, EDROTA2022, 0) * (1 + SCROTA * ((SC / SC1980) - 1)))"
public,src/public/subsystems.jl,66,public,switch on t,2022,candidate policy input (starts 2022),"IROTA ~ IfElse.ifelse(t > 2022, max(0, MIROTA2022 * (1 - 1 * (GDPP / GDPTL - 1))), 0)"
public,src/public/subsystems.jl,68,public,switch on t,2022,candidate policy input (starts 2022),"OWTFP ~ IfElse.ifelse(t > 2022, 1 + OWETFP * (OW / OW2022 - 1), 1)"
public,src/public/subsystems.jl,80,public,ramp,2022,candidate policy input (starts 2022),"XECTAGDP ~ XETAC2022 + ramp(t, (XETAC2100 - XETAC2022) / 78, 2022, 2022 + 78)"
