sector,variable,max_error,year_of_max,median_error,mean_error,p95_error
climate,N2O in Atmosphere GtN2O,4.3725034006300494e-5,2038.640625,1.737236526040633e-5,1.7442852773919273e-5,3.8169702334056554e-5
climate,CH4 in Atmosphere GtCH4,0.00019458917815229836,2035.9375,3.9185551518238155e-5,5.339015379687559e-5,0.00017155108915869978
climate,CO2 in Atmosphere GtCO2,0.00017470453851059132,2040.390625,1.133800643529333e-5,2.6698341471306313e-5,0.00015683321294974288
climate,Ice and snow cover excl G&A Mkm2,1.2256289208402841e-5,2099.953125,3.127772393590853e-6,4.075216281271364e-6,1.0607047398920314e-5
climate,Extra heat in surface ZJ,4.993400073414552e-5,2048.296875,3.0172193242723688e-5,2.0480017170221293e-5,4.5308572562935934e-5
climate,Perceived WArming deg C,2.324701338269895e-5,2054.5,8.914658124034085e-6,9.819490495609154e-6,2.115790845689829e-5
climate,kg N2O emission per kg fertiliser,4.5282669209472383e-7,1988.078125,2.571861912463439e-8,4.0595565125873714e-8,1.7612939105332855e-7
climate,Man-made N2O emissions GtN2O/y,1.315820313055277e-5,2035.8125,5.724081738010217e-7,1.76816602320288e-6,9.020186978775889e-6
climate,Natural N2O emissions GtN2O/y,5.131709629663613e-9,2090.40625,1.2754081489330153e-9,1.6300279064912779e-9,4.6320151521528265e-9
climate,N2O emissions GtN2O/y,1.3039031124443807e-5,2035.796875,5.712510852367277e-7,1.759633293068203e-6,8.959881172232285e-6
climate,N2O conc in 1980 ppm,0.0,1980.0,0.0,0.0,0.0
climate,N2O BreakDown GtN2O/y,1.0084960635981113e-6,2039.59375,3.891393842948665e-7,3.7405677791750943e-7,8.861052714332108e-7
climate,N2O concentration in atm ppm,1.5252180340844636e-5,2038.625,5.984159589875631e-6,5.854518030571253e-6,1.3742012772816862e-5
climate,N2O forcing per ppm W/m2/ppm,3.4932960157168827e-7,1980.125,1.369745928758662e-7,1.391412445334192e-7,2.7543459445223313e-7
climate,Forcing from N2O W/m2,1.3397410379930544e-5,2038.890625,5.34712779604097e-6,5.4288779448473254e-6,1.1941104253792925e-5
climate,kg CH4 emission per kg crop,5.0342601516351944e-8,2011.0,2.0217675123492962e-8,2.113539529548704e-8,4.616500271573139e-8
climate,Man-made CH4 emissions GtCH4/y,0.00017030153111743596,2049.859375,9.107951975725464e-6,2.773480213087164e-5,0.00011323029573903249
climate,Natural CH4 emissions GtCH4/y,0.0,1980.0,0.0,0.0,0.0
climate,CH4 emissions GtCH4/y,0.00014524365084441474,2049.859375,7.722535784608249e-6,2.3688745950584848e-5,9.736330673293859e-5
climate,CH4 conc in 1980 ppm,0.0,1980.0,0.0,0.0,0.0
climate,CH4 BreakDown GtCH4/y,7.186672366119795e-5,2035.921875,1.2028311076045877e-5,1.786537141063907e-5,6.255304293839828e-5
climate,CH4 concentration in atm ppm,9.467121635506956e-5,2036.03125,1.6437571750307186e-5,2.39771177865682e-5,8.272644171370727e-5
climate,CH4 forcing per ppm W/m2/ppm,2.4995250902492307e-6,2017.25,6.735107331744775e-7,8.810059344003581e-7,2.2574586433256588e-6
climate,Forcing from CH4 W/m2,9.633866858832935e-5,2035.953125,1.7413636842335317e-5,2.4833551661774443e-5,8.433065404723709e-5
climate,OWeoLoCO2,2.3247085106715718e-5,2047.96875,1.3359673594254922e-5,9.246481952801963e-6,1.9955358537838783e-5
climate,OBserved WArming deg C,2.553708560801895e-5,2048.40625,1.5294880993402135e-5,1.0519766329017374e-5,2.254730285605216e-5
climate,Life of extra CO2 in atm y,3.7319992316858607e-5,2048.453125,2.3904269999458843e-5,1.5582349188171868e-5,3.470580046369639e-5
climate,CO2 from CH4 GtCO2/y,0.00013512261510352993,2036.375,2.4609942247569775e-5,3.4975739459721926e-5,0.00011717708691166459
climate,CO2 absorption GtCO2/y,0.00042306694530049125,2040.234375,1.539291834464493e-5,6.277932816278662e-5,0.00038031692381314253
climate,CO2 emissions GtCO2/y,0.011899169512368576,2041.5625,3.730465663330027e-5,0.0011384390377875472,0.00953885431999133
climate,Direct Air Capture of CO2 GtCO2/y,0.00450902948857652,2049.859375,2.6645352591003757e-15,0.0002686129033471478,0.0024268321166816963
climate,CO2 per GDP (kgCO2/Dollar),0.0004252729384582882,2053.5625,4.2333320629861206e-5,0.00011252634808508765,0.0003378497719727218
climate,Cost of air capture GDollar/y,0.005069015517253272,2049.859375,2.987827535390697e-15,0.00031067851116282935,0.002802254783147882
climate,CO2 concentration in atm ppm,0.0001741986065683825,2040.328125,1.1344101818976156e-5,2.6611453678669163e-5,0.00015653177462859603
climate,CO2 forcing per ppm W/m2/ppm,5.2853015210603526e-9,2024.09375,2.488548792967704e-9,2.488667675110268e-9,4.818244430430289e-9
climate,Forcing from CO2 W/m2,0.0001231486604729167,2040.078125,7.600295696755725e-6,1.8677764368065175e-5,0.00011030657275616273
climate,Forcing from other gases W/m2,4.543955040548034e-7,2086.4375,1.8144289196378145e-7,1.7268198927152734e-7,3.755690810608609e-7
climate,Man-made Forcing W/m2,0.00012613230567836344,2039.671875,1.549385756212133e-5,2.3684857526915557e-5,0.00011417737729515427
climate,GHG emissions GtCO2e/y,0.09056114713559445,2047.5625,7.607043317941567e-5,0.002251189980381805,0.007299980513946707
climate,ALbedo in 1980 (1),1.79694487017251e-7,1980.0,1.79694487017251e-7,1.7969448701725135e-7,1.79694487017251e-7
climate,ALbedo (1),4.4540653922977246e-7,2089.734375,1.927684179420235e-7,1.9219038881568196e-7,3.697745353955378e-7
climate,Transfer rate for heat going to space 1/y,5.003866352191781e-8,2027.109375,4.232369868438963e-9,1.2095460224756746e-8,4.400656447216009e-8
climate,Heat to space ZJ/y,4.806760607213875e-5,2047.6875,2.923081740254336e-5,1.9694287414199345e-5,4.344272250428052e-5
climate,Melting rate surface 1/y,2.515320450373509e-7,2048.703125,1.5093900520838505e-7,1.1196010002117201e-7,2.3473304321866054e-7
climate,Melting rate deep ice 1/y,6.681421938719446e-8,2048.609375,3.7614578897924554e-8,2.831493167316896e-8,5.8852827963101547e-8
climate,Extra cooling from ice melt ZJ/y,3.75300006244325e-5,2048.03125,2.315495279601041e-5,1.5742389540086368e-5,3.393836148062923e-5
climate,Melting Mha/y,1.9990221069929574e-6,2048.15625,6.142840340941299e-7,6.575732508782627e-7,1.8397853452963925e-6
climate,Ice and snow cover Mha,1.4130287489528432e-5,2099.703125,3.4255326965062005e-6,4.593851319783491e-6,1.222816876717835e-5
climate,Water Vapor Concentration g/kg,1.5131288165228016e-5,2048.671875,8.823730451880904e-6,6.445048638043205e-6,1.3245661973373077e-5
climate,Water Vapour Feedback W/m2,2.3815340398414342e-5,2047.953125,1.4327203072792379e-5,1.0098229358429998e-5,2.118642053581332e-5
climate,Total man-made forcing W/m2,8.883794717965525e-5,2040.03125,1.8379779103561076e-5,2.0182776188014708e-5,8.086470253684012e-5
climate,Extra Warming from forcing ZJ/y,0.00010237748714894851,2040.109375,2.167028164382505e-5,2.337699702694774e-5,9.373964348661529e-5
climate,Risk of extreme heat event (1),3.717485399709471e-5,2047.984375,2.3989254811635608e-5,1.6863020278998947e-5,3.5256846401792874e-5
climate,Transfer rate for heat going to abyss 1/y,5.198725866884091e-8,2051.71875,2.5919390031497867e-8,2.5415826020112518e-8,4.7198803419915185e-8
climate,Heat to deep ocean ZJ/y,4.8137966804440044e-5,2048.40625,2.922322087371699e-5,1.9752103853346943e-5,4.36214651839922e-5
demand,Extra Taxes From 2022 GDollar/y,0.011852832242685468,2057.796875,0.006662004437116681,0.005061906569679141,0.011069707680471313
demand,Fraction of Govmnt Budget to Workers (1),3.965598359682103e-7,2022.28125,6.412698058337808e-8,1.0318429398371587e-7,3.049150729532029e-7
demand,Govmnt Debt Gdollar,0.009037978003872002,2058.28125,0.003713986380104802,0.0039446448735453625,0.00884477199668868
demand,Permanent Govmnt Cash INflow GDollar/y,0.012865829126253963,2053.296875,0.004946246624904937,0.004356963168548262,0.01072333383209319
demand,Permanent Owner Cash Inflow GDollar/y,0.00891298849686818,2098.765625,0.001338650030409107,0.0020179347963965957,0.005966315581000087
demand,Permanent Worker Cash INflow GDollar/y,0.015764651924105637,2057.9375,0.008085555792322683,0.006490193104803834,0.013968347749117871
demand,Workers Debt GDollar,0.015469713384240621,2068.46875,0.005484107176586509,0.006850554118846227,0.015194094406895217
demand,Bank Cash Inflow from Lending GDollar/y,19.96308897867517,2042.9375,0.010048434482977205,0.031525239466166206,0.049184249686186114
demand,Cash Flow from Workers to Banks GDollar/y,0.027028986795227427,2043.203125,0.007046835368687698,0.008113709402660792,0.019930732425891346
demand,Cash Flow from Govmnt to Banks GDollar/y,14.090710342782423,2042.15625,0.008901419040944008,0.0320548830553808,0.08804949442951811
demand,Bank Cash Inflow as Share of NI (1),0.0008800395692588768,2052.46875,0.00011151450082206628,0.00014897503436110958,0.0005587055444381794
demand,Basic Income Tax Rate Owners (1),3.9968191133553695e-7,2017.5625,0.0,6.486835310413183e-8,3.1739744254044636e-7
demand,CANCellation of Debt GDollar/y,6.053143466452366e-6,2022.953125,0.0,3.8183870250575736e-8,0.0
demand,Consumption Demand GDollar/y,0.014842764383508827,2057.734375,0.00782803038932726,0.006033618641531865,0.013091367912510973
demand,Worker consumption demand GDollar/y,0.015765443539317293,2057.9375,0.008085202553363606,0.006490215222120174,0.013966607128156804
demand,Sales Tax Workers GDollar/y,0.015758729704229143,2057.9375,0.008082901361655829,0.006488637414064561,0.01396275863802138
demand,Owner Consumption GDollar/y,0.011856092438996012,2054.59375,0.002163932632325822,0.003487775725216365,0.010532037477396472
demand,Sales Tax Owners GDollar/y,0.011833218219062885,2054.65625,0.002158875047114997,0.0034810315007537335,0.010510795465892061
demand,Govmnt Interest Cost GDollar/y,0.026008184994736314,2046.84375,0.0034479703985434776,0.00576742524873026,0.02070334228222195
demand,Govmnt New Debt GDollar/y,0.02257339532285656,2045.671875,0.0019506941312579208,0.005318852426912633,0.019112200755369825
demand,Govmnt Payback GDollar/y,0.009031658019065506,2058.265625,0.0037100994395289407,0.003941106445640396,0.008836539106341367
demand,Worker Interest Cost GDollar/y,0.02425755279236303,2057.984375,0.004669695313491611,0.006888114351743726,0.019929830478309093
demand,Workers New Debt GDollar/y,0.02474291242979541,2057.03125,0.012051350406302437,0.008331646789937672,0.02010586101192928
demand,Workers Payback GDollar/y,0.01546633135315285,2068.515625,0.005484037939756449,0.006849026040979714,0.015190308863721773
demand,Consumption Per Person GDollar/y,0.014448243984811085,2057.734375,0.007297252708714472,0.006135153077609782,0.012847857614302037
demand,Consumption Share of GDP (1),0.002048551386376737,2058.78125,0.00041842415113433235,0.0006390091689622757,0.0015505215696119243
demand,CONTRol: (C+G+S)/NI = 1,0.00044046878562271327,2058.6875,3.0206953915021448e-5,6.417177681100444e-5,0.00023037757762541495
demand,Govmnt Share of GDP (1),0.00039222846176808856,2053.453125,2.8770477148468567e-5,6.951367357973295e-5,0.00026853272850047054
demand,Savings Share of GDP (1),0.0018312743042746464,2078.875,0.0006365927151867375,0.0007925862607317094,0.0018036132742066354
demand,Extra General Tax From 2022 Gdollar/y,0.010881713653586075,2056.59375,0.005644497779669638,0.004316205105756436,0.009837337978407587
demand,Goal for Extra Taxes From 2022 GDollar/y,0.013056751113375594,2056.765625,0.006600149022928828,0.005255227914317738,0.012197066105320968
demand,Extra Taxes for TAs From 2022 GDollar/y,0.022804938260231847,2053.578125,0.010209702616994411,0.00847404939379228,0.020281038804223685
demand,Goal for Fraction of Govmnt Budget to Workers (1),0.0,1980.0,0.0,0.0,0.0
demand,Govmnt Cash INflow GDollar/y,0.013536441692064834,2052.578125,0.004836182514332341,0.004388777505305456,0.010800122255817795
demand,Govmnt Net Income GDollar/y,0.010458198872079681,2056.515625,0.005328600097358711,0.004238545724329287,0.009788613926053832
demand,Govmnt Debt Burden y,0.0016106577279401807,2045.984375,0.0002636899888263338,0.00035375969197763674,0.0013025819666308556
demand,Govmnt Finance as Share of NI (1),0.0005967419871686437,2061.34375,3.0264904258421522e-5,8.87427436891699e-5,0.0003682498141873825
demand,Govmnt Gross Income GDollar/y,0.010119866769462986,2056.453125,0.005044436935767583,0.004050187253632329,0.009521945728637262
demand,Owner Taxes GDollar/y,0.007430744710138599,2045.828125,0.0011016296630633475,0.001931145235628662,0.006668207018536546
demand,Income from Commons from 2022 GDollar/y,0.013975473026191149,2047.6875,0.005805819603415379,0.004420101949706215,0.010179150442744181
demand,Worker Taxes GDollar/y,0.018090495763588434,2057.375,0.008609669698086563,0.007233485382088824,0.015722428943733685
demand,Govmnt Gross Income (as Share of NI),0.00022782798048969426,2099.703125,3.243639059291747e-5,6.796686665627298e-5,0.00019461524019570797
demand,Govmnt Investment in Public Capacity GDollar/y,0.012868195140916673,2053.3125,0.004945969341987278,0.004356666412383773,0.01072488064186415
demand,Govmnt PUrchases GDollar/y,0.012865759899932891,2053.3125,0.0049462158141567025,0.004356981235545763,0.01072552272340754
demand,Max Govmnt Debt GDollar,0.010879412675746925,2056.625,0.005643942371371125,0.0043178602191647885,0.009838746853490721
demand,Transfer Payments GDollar/y,0.010120278892209376,2056.40625,0.005045845898982099,0.00405007441557057,0.009521855789299581
demand,Sales Tax GDollar/y,0.014838173600221636,2057.703125,0.007825871854621903,0.006032331792539139,0.013087847110752492
demand,Govmnt Net Income as Share of NI (1),7.638995698571972e-5,2099.625,8.272950573926195e-6,1.5191360999179457e-5,5.444170277251578e-5
demand,Govmnt Spending GDollar/y,0.012865829126253963,2053.296875,0.004946246624904937,0.004356963168548262,0.01072333383209319
demand,INEQuality (1),0.005832895577615173,2058.1875,0.0014337115647366542,0.002097944784378619,0.005033569295150444
demand,Owner Operating Income After Tax GDollar/y,0.00951784741818629,2097.890625,0.0014859396267856975,0.0021361494616747747,0.0062425666933833435
demand,Worker Income After Tax GDollar/y,0.016162527761812862,2057.234375,0.008040955903053426,0.006531188571376208,0.014081397562163336
demand,INEQuality Index (1980=1),0.007876550131162827,2058.234375,0.0019153202962561948,0.002860998927296742,0.0070306508113642426
demand,Income Tax Owners (1),0.006756804605768573,2045.65625,0.0010742128258997286,0.001793574242053448,0.005940680882149425
demand,Income Tax Workers (1),0.01880189880537397,2057.359375,0.008839563734102836,0.007480419233748583,0.01628103587021356
demand,Max Workers Debt GDollar,0.01880385126074924,2057.34375,0.008838827730914508,0.00748066688941881,0.016281649531058068
demand,Worker Income GDollar/y,0.01880385126074924,2057.34375,0.008838827730914508,0.00748066688941881,0.016281649531058068
demand,Owner Consumptin Fraction (1),0.0021873490856663914,2097.9375,0.0004648061112596559,0.0008573102627077577,0.0021424407524033395
demand,Owner Savings Fraction (1),0.0020560970152168866,2100.0,0.0003085397267252678,0.0006892129524692833,0.0019443483671268901
demand,Owner Cash INflow GDollar/y,0.00951784741818629,2097.890625,0.0014859396267856975,0.0021361494616747747,0.0062425666933833435
demand,Owner Income GDollar/y,0.006760149886395409,2045.65625,0.0010737053260456986,0.00179360616645055,0.005939903037083238
demand,Owner Savings GDollar/y,0.014640015398203728,2098.8125,0.0017588542838221737,0.0031108526960239905,0.010848893471971193
demand,Owner Tax Rate (1),0.0012713916788152737,2097.75,0.00016337337330067918,0.000347338853245629,0.0010167613019788182
demand,Worker Cash INflow GDollar/y,0.01636301965127645,2057.21875,0.008314060542279293,0.006575807536695473,0.014175633573297404
demand,Total Savings GDollar/y,0.006087689638732189,2098.90625,0.0011556379829630015,0.0017627109234358536,0.005295879365341696
demand,Total Purchasing Power GDollar/y,0.011071782346154193,2052.984375,0.005548852937138118,0.004379242612573094,0.010021735397378303
demand,Worker Savings GDollar/y,0.01576364114631792,2057.9375,0.00808419907932021,0.006489565459056138,0.013967383321032544
demand,Worker Disposable Income kDollar/p/y,0.014928096858655237,2058.625,0.007732782409206508,0.005903800152201449,0.013052926190010973
demand,Worker Finance Cost as Share of Income (1),0.0004186528949322175,2052.890625,5.5345661627903777e-5,8.734472422106103e-5,0.0002924982433153837
demand,Worker Tax Rate (1),0.00012877847197870272,2057.109375,3.5334237077490314e-5,4.4384278891233675e-5,0.0001048997263377198
demand,Worker Debt Burden y,0.0013281763773119845,2047.34375,0.0004563729146036422,0.0004637759113960905,0.0010767344206280758
energy,Extra energy productivity index 2022=1,2.499837510467175e-6,2022.03125,1.5382023549220918e-13,7.549316617326834e-7,2.385348180967383e-6
energy,Renewable electricity capacity GW,0.011487955570046891,2049.90625,0.002218453600698251,0.0029022035431809914,0.008918704956205272
energy,ACcumulated sun and wind capacity from 1980 GW,0.009929598308596741,2049.90625,0.0034942980191607913,0.0031313788079756553,0.007908410172254916
energy,Fossil electricity capacity GW,0.005041733097172723,2047.046875,0.0035734115091213456,0.0022218197609458644,0.004865324672277302
energy,Cost of Nuclear ELectricity Gdollar/y,2.359859730015992e-6,1980.125,0.0,9.28012520153098e-8,6.857957974271363e-7
energy,Nuclear electricity production TWh/y,4.968302231756844e-6,1984.3125,0.0,2.1254438301202457e-7,1.775282388183001e-6
energy,Non-fossil CO2 per person tCO2/p/y,0.0007453687748706148,2046.140625,0.00010996351801511472,0.00020575227007738647,0.0006658865764011778
energy,CO2 from non-fossil industrial processes GtCO2/y,0.012189313379309502,2049.859375,0.00012854004878868225,0.0005338683547624287,0.0027030510486806695
energy,Fraction of CO2-sources with CCS (1),0.0023971143875423195,2049.859375,1.4608197692436271e-15,0.0001307542662402501,0.0011726039620988517
energy,CO2 from energy and industry GtCO2/y,0.029129362490705284,2049.859375,0.00013662044897337834,0.0012620497486954235,0.00656247713185661
energy,CO2 from energy production GtCO2/y,0.025280636369184668,2049.71875,2.502747837825832e-6,0.0012157987696008918,0.007789293990672196
energy,Use of fossil fuels Mtoe/y,0.9591048877861181,2052.21875,2.2627421221742263e-6,0.004255363807407329,0.005235708405726239
energy,tCO2 per toe,1.6986831934860636e-6,2087.828125,7.437672236710591e-7,7.499903618930352e-7,1.4445305713474035e-6
energy,CO2 EMissions per person tCO2/y,0.00565831101938621,2048.84375,2.1012281069325293e-5,0.0004546900852838864,0.002465839095380015
energy,Cost of CCS GDollar/y,0.021748950208000113,2050.0,0.00047432942214526005,0.0016159692591075957,0.006247174195708814
energy,Installed CCS capacity GtCO2/y,0.01877964559241667,2050.0,0.00036631912586099105,0.0013998247619843923,0.005774622114580161
energy,Increase in extra energy productivity index 1/y,0.0,1980.0,0.0,0.0,0.0
energy,Traditional per person use of electricity before EE MWh/p/y,0.006548771944876898,2054.03125,0.0021668856947488057,0.0024290309898865174,0.00562749305235542
energy,Traditional per person use of fossil fuels for non-el-use before EE toe/p/y,0.006946426233191547,2046.671875,0.0017498215029463067,0.0023891243575633,0.006054152908571087
energy,Demand for electricity before NE TWh/y,0.0069152722968591224,2054.0,0.0024666545098499877,0.0022671352983926504,0.006030000125278932
energy,Demand for fossil fuel for non-el use before NE Mtoe/y,0.008965154630140533,2046.671875,0.002481504138125022,0.0028810118773350333,0.007615541179458103
energy,Fraction new electrification (1),0.0024547168766729677,2049.859375,2.8461521282872724e-9,0.00013417476110382098,0.0012036973355835398
energy,Extra reduction in demand for non-el fossil fuel from NE Mtoe/y,0.012672969729696015,2046.671875,0.0026294318228098617,0.003182223474278893,0.010325178828890964
energy,Cost of new electrification GDollar/y,0.012559154084359187,2046.671875,0.002568297755235166,0.003147776966054252,0.010219959004760276
energy,Extra increase in demand for electricity from NE TWh/y,0.012670653005838963,2046.671875,0.0026330681605773996,0.0031824891115094407,0.010325544470182302
energy,Demand for fossil fuel for non-el use Mtoe/y,0.9832411597101323,2049.875,2.141010266615132e-6,0.005177107502549296,0.003944961244322576
energy,Fossil fuels for electricity Mtoe/y,0.9591048877838121,2052.21875,2.943625001626879e-6,0.004159838114166125,0.009237029521370763
energy,Demand for electricity TWh/y,0.009506040441718069,2046.671875,0.002511249359086922,0.0027058509098888722,0.007660015015876882
energy,Desired renewable electricity share (1),0.0019473816549485186,2049.859375,3.5714649348169554e-8,0.00010457736410752534,0.0009358750431683792
energy,Desired supply of renewable electricity TWh/y,0.012579741744650538,2049.859375,0.002601276825653194,0.002933609684695692,0.00972249248790297
energy,Desired renewable el capacity GW,0.012579365199248863,2049.859375,0.002600571306546569,0.002933491519830146,0.009724089727547264
energy,Desired renewable el capacity change GW,6.177457187520334,2059.140625,0.005477598887178533,0.02442101574533563,0.050699765972500234
energy,Addition of renewable el capacity GW/y,0.1720196285021606,2098.484375,0.002770098884315499,0.010221366246833398,0.06701036695025245
energy,Discard of renewable el capacity GW/y,0.01146432221129266,2049.90625,0.00220813831169229,0.002895140441052679,0.008900235587255273
energy,Addition of sun and wind capacity GW/y,0.1720196285021606,2098.484375,0.002770098884315499,0.010221366246833398,0.06701036695025245
energy,Number of doublings in sun and wind capacity (1),0.001030736338152753,2049.890625,0.0003586861640667349,0.0003222652078242384,0.0008274044123433852
energy,Cost index for sun and wind capacity (1),0.00028257986025982467,2049.921875,9.691100723288823e-5,8.746638113108677e-5,0.00022880641733411994
energy,CAPEX renewable el dollar/W,0.001118415365263842,2049.890625,0.000387079603740249,0.00034850443262533006,0.0008965178635910231
energy,CAPEX renewable el Gdollar/y,0.17179801076568738,2098.484375,0.0025702867027930015,0.010153318199282373,0.06762783540866563
energy,OPEX renewable el Gdollar/y,0.011296401764234387,2049.90625,0.0021278036722399206,0.0028436848731120262,0.00876170037583326
energy,Renewable electricity production TWh/y,0.011486637788928116,2049.90625,0.0022167210511997,0.002902286105007977,0.008921198614933573
energy,Cost of renewable electricity GDollar/y,0.07690263662467135,2091.859375,0.002216057862029752,0.006958233140388366,0.03820123388264562
energy,CAPEX fossil el GDollar/y,0.7670157296929486,2039.046875,0.0,0.005002868488735842,0.01956421844656301
energy,Addition of fossil el capacity GW/y,1.0903798850678044,2039.03125,0.0,0.005890761140275729,0.01969079137460046
energy,OPEX fossil el GDollar/y,0.6721517438125658,2052.203125,2.843488643294767e-6,0.003537311805201464,0.009202684127026253
energy,Fossil Electricity Production TWh/y,0.9894429242255329,2052.21875,2.617750551066561e-6,0.004282650633553049,0.009235567417650995
energy,Cost of fossil electricity GDollar/y,0.6721517438125658,2052.203125,2.9949869788246036e-6,0.0036790963189661666,0.009202684127026253
energy,Cost of electricity GDollar/y,0.057289397919440946,2091.859375,0.0018391929698614864,0.005157209379326271,0.020280746637606793
energy,Green hydrogen MtH2/y,0.0,1980.0,0.0,0.0,0.0
energy,Green hydrogen Mtoe/y,0.0,1980.0,0.0,0.0,0.0
energy,Renewable heat production Mtoe/y,0.0,1980.0,0.0,0.0,0.0
energy,TWh-el per EJ - engineering equivalent,0.0,1980.0,0.0,0.0,0.0
energy,IIASA Renewable energy production EJ/yr,0.011467902466742876,2049.90625,0.0022102411602362144,0.0028965804811098158,0.008903118176343925
energy,4 TWh-el per Mtoe,0.0,1980.0,0.0,0.0,0.0
energy,IIASA Fossil energy production EJ/yr,0.5365191431921104,2052.203125,2.6479925689868713e-6,0.0033666963416216916,0.005216925172806313
energy,Low-carbon el production TWh/y,0.011025697267703072,2049.90625,0.0020020810804164137,0.002762205622741927,0.008527687171523891
energy,Demand for fossil electricity TWh/y,0.9894429242255329,2052.21875,2.617750551066561e-6,0.00428265063355305,0.009235567417650995
energy,Desired fossil el capacity GW,0.9213552070717398,2052.21875,2.715757321814617e-6,0.0040506545453754894,0.009230677608074946
energy,Desired fossil el capacity change GW/y,1.0848112305562212,2039.03125,0.003550365758891528,0.011467258034533391,0.02853202704982236
energy,DIscard of Fossil El Capacity GW/y,0.018918984434830238,2050.03125,0.003227073323640899,0.002308239873746998,0.00427002992120024
energy,Life of fossil el capacity y,0.013698357725725953,2050.03125,4.297234144995683e-7,0.00042588986893139563,0.0017999937858423512
energy,FCUTeoLOFC (1),0.005682355238612957,2050.03125,7.714625527192695e-7,0.00018406819876406411,0.0008549389793168017
energy,Fossil capacity up-time kh/y,0.06327023031975572,2052.203125,5.980966077648713e-7,0.0013670203524581794,0.003918804372644758
energy,Nuclear capacity GW,4.881001190987596e-6,1982.25,0.0,2.0442595116462156e-7,1.611681067646961e-6
energy,Electricity production TWh/y,0.009506040441718069,2046.671875,0.0027237175948794964,0.0027698043177689174,0.007791285101531998
energy,ELectricity balance (1),0.002037878150953907,2091.859375,0.0,0.00010433835578593998,0.0005956000957903711
energy,Fraction fossil plus nuclear electricity (1),0.004256795657264425,2050.03125,0.00010146420925209875,0.0001910423319509202,0.00037078651596260604
energy,Energy use Mtoe/y,0.008059134006588559,2052.265625,0.0026765139483448676,0.0026016613110347976,0.006928337321227477
energy,Energy use per person toe/p/y,0.005571815374821327,2052.265625,0.0021325608791759876,0.0020166416958037735,0.0049215608941624
energy,Traditional cost of electricity GDollar/y,0.0038355185904428925,2054.0625,0.0013419803513591126,0.0012057237464731573,0.0033710607885629263
energy,Traditional cost of fossil fuel for non-el use Gdollar/y,0.008961995446845858,2046.671875,0.0024779508725054755,0.0028805251943889104,0.007616254327479103
energy,Cost of Fossil Fuel For Non-El Use Gdollar/y,0.9336905203952617,2049.875,1.715883649116717e-6,0.004967614852703841,0.003944641093153043
energy,Cost of grid GDollar/y,0.009501946383981915,2046.671875,0.0027218163278104257,0.002767474764731083,0.007783363958080637
energy,Traditional grid cost GDollar/y,0.006903318628205866,2054.015625,0.0024626116930995118,0.0022631121554130555,0.006020582274292629
energy,Traditional Cost of ENergy Gdollar/y,0.008586047682732361,2046.671875,0.0024763833271568506,0.002790472085632777,0.007314031622660548
energy,Traditional cost of energy as share of GDP (1),6.908566191169786e-5,2091.859375,2.5989689817927343e-5,2.352837961480361e-5,5.996910696988605e-5
energy,Cost of energy GDollar/y,0.008754093462187496,2046.640625,0.0014464321831351742,0.0018843449482460418,0.006368832932382296
energy,Ratio of Energy cost to Trad Energy cost (1),0.007227647312079657,2050.03125,0.0001823272362007963,0.0006253607789416837,0.001961795016200936
energy,Cost of energy as share of GDP (1),0.0003384013708624875,2050.03125,3.238554995835058e-5,3.493881295702432e-5,9.886830958370076e-5
energy,Extra cost of Energy Turnaround as share of GDP (1),0.00029279174569345196,2050.03125,8.220797560907919e-6,1.4626398440334107e-5,5.252692964397652e-5
finance,Cost of Capital for Secured Debt 1/y,0.0005816391683451272,2062.265625,2.1078351136867487e-5,9.681599290743916e-5,0.00044367720884800726
finance,Central Bank Signal Rate 1/y,0.0007292487689660274,2061.3125,2.4713816057385412e-5,0.00011488560309640732,0.0005216390872363627
finance,Expected Long Term Inflation 1/y,2.579568797737599e-5,2050.84375,2.3547374264888406e-6,3.856922809034728e-6,1.2992957725057436e-5
finance,Perceived Inflation CB 1/y,0.0002317907584104085,2058.171875,1.3741511848984214e-5,3.0009112723246587e-5,0.00011365207712561915
finance,Perceived Unemployment CB (1),0.0013655825250401383,2060.28125,5.5989529829286024e-5,0.00022265354489040925,0.0010563879361291067
finance,Corporate Borrowing Cost 1/y,0.0005707000621441009,2062.265625,2.067957923215758e-5,9.499875901460105e-5,0.00043539425493189794
finance,Normal Corporate Credit Risk 1/y,0.0,1980.0,0.0,0.0,0.0
finance,Corporate Borrowing Cost in 1980 1/y,0.0,1980.0,0.0,0.0,0.0
finance,3m Interest Rate 1/y,0.000725700641490284,2061.3125,2.4595394002249667e-5,0.00011432818738281276,0.0005191317523546016
finance,Change in Signal Rate 1/yy,0.0005556716971197959,2059.421875,2.1134681197217697e-5,7.33222009949887e-5,0.000312311825476298
finance,Indicated Signal Rate 1/y,0.0009197060655224409,2060.421875,3.2845861609967396e-5,0.00013567726068076596,0.0005862263145196285
finance,Govmnt Borrowing Cost 1/y,0.000725700641490284,2061.3125,2.4595394002249667e-5,0.00011432818738281276,0.0005191317523546016
finance,10-yr Govmnt Interest Rate 1/y,0.0007096064669353542,2061.34375,2.3623669145028958e-5,0.00011136855934284227,0.0005034851379500908
finance,Worker Borrowing Cost 1/y,0.0005816391683451272,2062.265625,2.1078351136867487e-5,9.681599290743916e-5,0.00044367720884800726
foodland,BArren LAnd Mha,3.8307869106797354e-6,2041.296875,9.419261924696016e-7,1.0392954171093612e-6,2.40321268907716e-6
foodland,CRopLAnd Mha,9.423237852692571e-5,2049.875,6.988814047135614e-6,1.7230374426384404e-5,6.952999487584027e-5
foodland,FOrestry LAnd Mha,0.00021638998066743822,2050.015625,1.743107065613332e-5,7.823835537489034e-5,0.0002089906079805173
foodland,GRazing LAnd Mha,1.5337161145958977e-6,2018.796875,7.438885399243458e-7,7.483556915024101e-7,1.4230475996714758e-6
foodland,Old Growth Forest Area Mha 1,2.662080982874101e-6,2095.34375,1.1714468497577363e-6,1.18389860150011e-6,2.3266830463424036e-6
foodland,Soil Quality Index in Conv Ag (1980=1),7.298813058847893e-5,2100.0,2.0496606800662324e-5,2.4829510436741166e-5,6.648246621287038e-5
foodland,URban LAnd Mha,0.00025447023771504553,2055.75,3.5150664970365624e-5,0.00011271523723217713,0.00025447023771504553
foodland,Average Crop Yield t-crop/ha/y,0.001373210797737172,2049.859375,0.00012810633148389243,0.00026664724834588055,0.0008737158758239439
foodland,Desired Crop Yield in Conv Ag t-crop/ha/y,0.003127672152211345,2049.859375,0.000351453503226672,0.000788186453258804,0.0026550900639200933
foodland,Warming Effect on Land Yield (1),7.972900668494419e-6,2048.765625,4.6113959231610355e-6,3.537346837179601e-6,7.367497046161838e-6
foodland,CO2 Effect on Land Yield (1),2.962278023768351e-5,2040.140625,1.5288274197665078e-6,4.028552476869029e-6,2.4376302448404258e-5
foodland,Fraction Regenerative Agriculture (1),0.0013204950784190988,2047.6875,1.6816515409457013e-5,0.00010320994488372073,0.0005350252570171346
foodland,Acceptable Loss of Forestry Land (1),6.669315254688486e-6,2049.984375,5.13103321176657e-7,2.6487916355775056e-6,6.318597726451475e-6
foodland,Fraction Forestry Land Remaining (1),9.999508385433738e-5,2050.0625,8.19140298833385e-6,3.5134236154432306e-5,9.61114654363238e-5
foodland,Amount of Fertilizer Saved in Reg Ag kgN/ha/y,0.0,1980.0,0.0,0.0,0.0
foodland,CRopland LOss Mha/y,0.00021767388792292284,2047.6875,6.465407385958762e-6,2.658745949519113e-5,0.00013161866973009445
foodland,BIofuels USe Mtoe/y,0.0,1980.0,0.0,0.0,0.0
foodland,Cropland Expansion Multiplier (1),4.5390091524625947e-7,2092.078125,4.7372319088627567e-8,9.855505384421583e-8,3.1343490967405594e-7
foodland,Cost Index for Regenerative Agriculture (1),0.0001233343425274402,2047.65625,1.6657805764983671e-6,1.1060774315353227e-5,6.051772038618892e-5
foodland,Number of Doublings in Reg Ag (1),0.0007206730214607528,2047.6875,9.811442846867783e-6,6.569662270596961e-5,0.00036632568780318374
foodland,CO2 Absorption in Forestry Land GtCO2/y,0.00013437344020591124,2050.078125,3.966663137614741e-5,5.1745428753941225e-5,0.00012887017798626562
foodland,CO2 Absorption in Forestry Land tCO2/ha/y,1.871456729092692e-6,2022.15625,3.391266335498355e-7,4.867156888957367e-7,1.4159271985769565e-6
foodland,Forest Absorption Multipler (1),2.4806263085466286e-6,2023.21875,4.6109488824669396e-7,6.587948311811335e-7,1.8957310034248984e-6
foodland,CO2 Emissions from LULUC GtCO2/y,0.001841693057553586,2047.6875,2.9957492404149947e-5,0.00012609684079150225,0.0007964829597470027
foodland,Extra CO2 Absorption in Reg Ag GtCO2/y,0.0017056466725416505,2047.6875,2.124562447016201e-5,0.00014181562932197376,0.0007128208935593877
foodland,CO2 Release from Forest Cut GtCO2/y,0.0011102699141623837,2047.6875,1.5077861420362253e-5,9.188337744409443e-5,0.0006062785883293092
foodland,Old Growth Removal Mha/y,4.468504929590275e-6,1984.265625,3.426292759047099e-7,5.608324182691825e-7,1.9452275689668056e-6
foodland,CRopland EXpansion Mha/y,0.004265318049728254,2047.6875,9.340583670060552e-5,0.000357251669404801,0.00218939196053506
foodland,COst of FErtilizer Gdollar/y,0.008596742324331889,2047.6875,0.0008238839806368166,0.0016600416658046023,0.006966292021180521
foodland,FErtilizer USe Mt/y,0.010469240450603363,2100.0,0.0008545360425528482,0.001822544272102978,0.00835416017757796
foodland,COst of FOod Gdollar/y,0.01063928184831468,2053.859375,0.005566403964400909,0.004267045561177995,0.009703851399260765
foodland,Cost of Regenerative Agriculture Gdollar/y,0.0037873332286793415,2047.6875,5.1130561055486575e-5,0.00033747589084035353,0.0018390598824855856
foodland,Extra Cost of Reg Ag dollar/ha/y,0.0003008573679563005,2047.671875,4.288050445364775e-6,2.6835111599535233e-5,0.0001460261777989551
foodland,Regenerative Agriculture Area Mha,0.00410539799374511,2047.6875,5.500780434498516e-5,0.00036574918631112214,0.0019942702635486033
foodland,CRop BAlance (1),0.0005003487350608714,2047.703125,3.0042640903314338e-5,5.2005115608943135e-5,0.0002699979186351018
foodland,CRop USe Mt/y,0.0012826896424800469,2057.375,0.0001755678357891276,0.00034206594555118017,0.0010781680449102045
foodland,Desired Crop Supply Mt-crop/y,0.0019310008311954176,2049.859375,0.00016862797684055319,0.00039532520442630626,0.0012761554667759896
foodland,CRops for BIofuel Mt-crop/y,0.0,1980.0,0.0,0.0,0.0
foodland,CRop DEmand Mt-crop/y,0.0019310008311954176,2049.859375,0.00016862797684055319,0.00039532520442630626,0.0012761554667759896
foodland,Traditional Use of Crops Ex Red Meat Mt/y,0.006067257697716444,2056.84375,0.00048242049866236493,0.0012365674164607375,0.004455182829897183
foodland,FEed for Red Meat Mt-crop/y,0.01738105716925615,2053.65625,0.0005806311629192596,0.0038594337864702056,0.014343335443281095
foodland,CRopland EXpansion Rate 1/y,2.874471434041724e-5,2047.6875,1.672607537003044e-6,2.9281683267537906e-6,1.540081350226017e-5
foodland,Perceived Crop Balance (1),0.0004891761162018392,2047.6875,2.970206388219899e-5,5.073138982911309e-5,0.00026376040894698986
foodland,URban EXpansion Mha/y,0.007007437879368428,2055.71875,1.8289802762744529e-6,0.0005015660628663848,0.004162900105516543
foodland,Land Erosion Rate 1/y,7.349799346714796e-7,2035.796875,1.9269594397143953e-8,8.790756883841452e-8,3.986374151517905e-7
foodland,CRop SUpply (after 20 % waste) Mt-crop/y,0.0018559880543306561,2049.859375,0.0001611557703051668,0.0003470755403837308,0.0011074639891575481
foodland,Crop Waste Reduction (1),0.0008422758328312619,2049.859375,5.088522196198635e-16,4.354209087859651e-5,0.00038668058966330774
foodland,CRop USe per Person t-crop/p/y,0.0010795194180793842,2096.625,0.00021785427172775,0.0003171453919384152,0.0009743234231602014
foodland,Change in Soil Quality in Conv Ag t-crop/ha/y/y,9.92244730948315e-6,2035.8125,7.852279397594464e-7,1.6915208270890997e-6,5.836859974730734e-6
foodland,ROC in Soil Quality in Conv Ag 1/y,1.1172488082571693e-5,2035.8125,8.62295125802836e-7,1.907063799830698e-6,6.550059800800019e-6
foodland,Crop Supply Reg Ag Mt-crop/y,0.00411144443137058,2047.6875,5.506171532184811e-5,0.0003662047348983095,0.0019971592332990013
foodland,Desired Crop Supply Conv Ag Mt-crop/y,0.007366920148737406,2047.6875,0.0006242971995362103,0.0012875476363715993,0.004054688850896424
foodland,Demand for Red Meat Mt-red-meat/y,0.010408298380075834,2053.890625,0.00035775332117600093,0.002365811367140546,0.008347811404456507
foodland,Demand for Red Meat per Person kg-red-meat/p/y,0.01047949136568317,2053.9375,0.00110267105263575,0.002651106055693522,0.009288955695374888
foodland,Fraction New Red Meat (1),0.001685771207720811,2049.859375,9.992007221626409e-16,8.963947399702554e-5,0.0008020372658845735
foodland,Traditional Use of Red Meat per Person kg-red-meat/p/y,0.01047949136568317,2053.9375,0.00110267105263575,0.002651106055693522,0.009288955695374888
foodland,Extra Cost of Food Turnaround Gdollar/y,0.004112132222254724,2047.6875,5.50341780248986e-5,0.00036640266207188776,0.0019992158317722443
foodland,Fertilizer Cost Reduction Gdollar/y,0.004110867152858862,2047.6875,5.520623302876553e-5,0.0003663380846503146,0.0019986732956629202
foodland,Extra Cost of Food Turnaround as Share of GDP (1),0.003112376887208114,2053.59375,0.0012093643737262569,0.0010253153308897643,0.0027272968548977764
foodland,Fertilizer Effect on Erosion Rate (1),0.00011143911276431723,2035.796875,8.734415424893227e-6,1.933256751367965e-5,6.481848826784405e-5
foodland,Fertilizer Use in Conv Ag kgN/ha/y,0.011090491623058923,2100.0,0.000680166405760494,0.0016708774886817475,0.008595862930462246
foodland,Red Meat from Feedlots Mt-red-meat/y,0.017118938480780124,2053.65625,0.0005550728731267295,0.0038024348270391936,0.014118004025675196
foodland,Food Footprint Index (1980=1),0.0031969639390490466,2047.6875,0.0002358623562342425,0.00045766614707801304,0.001371715704869821
foodland,FOod FOotprint,0.017054559329244944,2100.0,0.0008838257243613081,0.002077636731357165,0.009877570631749759
foodland,FFLReoOGRR,0.0,1980.0,0.0,0.0,0.0
foodland,New Forestry Land Mha/y,2.3924238518350622e-6,2088.203125,3.253927689688677e-7,4.1810482081152716e-7,1.2053939449062253e-6
foodland,Fertilizer Productivity Index (1980=1),2.465941531533407e-6,1981.375,8.719635773604598e-7,9.074508085520264e-7,1.9299147125627644e-6
foodland,Food Sector Productivity Index (1980=1),2.4959313517296825e-6,1980.0625,1.1781471965874981e-6,1.1754745927707963e-6,2.226866395428617e-6
foodland,Traditional Fertilizer Use in Conv Ag kgN/ha/y,0.014727891311600964,2100.0,0.0006901737278506787,0.0018113367757402843,0.009456232797166808
foodland,FErtilizer USe per Person kg/p/y,0.006956538151127061,2047.6875,0.0009363880891400308,0.0014510091369753341,0.0048625502596447755
foodland,Grazing Land Yield kg-red-meat/ha/y,4.457903606878536e-5,2039.21875,7.669305947000806e-6,9.000655488982368e-6,3.637859253577383e-5
foodland,Grazing Land Yied in 1980 kg-red-meat/ha/y,4.457903606878536e-5,2039.21875,7.669305947000806e-6,9.000655488982368e-6,3.637859253577383e-5
foodland,New Grazing Land Mha/y,2.4799593643553138e-6,1984.265625,1.4837652401159194e-7,2.36212450335621e-7,9.759842340897677e-7
foodland,Indicated Urban Land Mha,0.001986150930623128,2099.984375,0.00010595387415397983,0.00042719068932478696,0.0016706703701943528
foodland,Land ERosion Multiplier (1),4.5390091524625947e-7,2092.078125,4.7372319088627567e-8,9.855505384421583e-8,3.1343490967405594e-7
foodland,Loss of Forest Land Mha/y,0.0023981482869278752,2047.6875,7.132954931118657e-5,0.00021443458470127037,0.0012454546586408435
foodland,LOss of CRopland Mha/y,0.0015881123979176045,2055.703125,6.345585635092765e-6,0.00015914534289891992,0.0013375681202310295
foodland,Old Growth Removal Rate 1/y,0.0,1980.0,0.0,0.0,0.0
foodland,Old Growth Removal Rate Multiplier (1),4.5390091524625947e-7,2092.078125,4.7372319088627567e-8,9.855505384421583e-8,3.1343490967405594e-7
foodland,Potential Red Meat from Grazing Land Mt-red-meat/y,4.442265770889654e-5,2039.453125,9.743482426375569e-6,9.641925125822726e-6,3.833948780658611e-5
foodland,Red Meat from Grazing Land Mt-red-meat/y,4.442265770889654e-5,2039.453125,9.743482426375569e-6,9.875835933528515e-6,3.833948780658611e-5
foodland,Red meat Supply per Person kg-red-meat/p/y,0.010096759507549896,2053.921875,0.0010342774224395735,0.0023279428499784448,0.008097884655372069
foodland,Total Forest Area Mha,7.07933754844602e-5,2050.09375,5.569511473969188e-6,2.5082991429457125e-5,6.6972700481369e-5
foodland,Traditional Use of Crops Mt/y,0.0024314628196584484,2057.34375,0.0002484716699269851,0.0007125455088919775,0.0022056199431372417
foodland,Traditional Use of Crops per Person kg-crop/p/y,0.0028838587426018828,2057.375,0.0013144941129912505,0.0010979404545168117,0.0027436157078281195
foodland,Traditional Use of Feed for Red Meat Mt-crop/y,0.013080434328926402,2053.765625,0.00048496029131295097,0.0033512468443993946,0.011772328658087075
foodland,Traditional Use of Crops Ex Red Meat per Person kg-crop/p/y,0.005805328607164304,2096.6875,0.0008476101202599102,0.0013932530475228996,0.005434369891596396
inventory,DELivery Delay - Index (1),0.0004999247162010477,2058.734375,3.03658936056445e-5,7.022803435484917e-5,0.0002470004067267123
inventory,Effective Purchasing Power Gdollar/y,0.010564931306218385,2057.125,0.0054977736218211224,0.004329136740204195,0.009831396124707006
inventory,INVentory Gu,0.011408919115878977,2055.125,0.005421805455910538,0.0042749227175080005,0.009403309221386134
inventory,PRice INdex (1980=1),0.00031919553723698703,2058.703125,1.9998184605474452e-5,4.4481978569578305e-5,0.00015008131485478056
inventory,Perceived Relative Inventory (1),0.0008131245202471612,2057.4375,4.4111275861343844e-5,0.00010357963726972319,0.0003755684044113079
inventory,Recent Sales Gu/y,0.010592095748597118,2057.15625,0.005602442757370029,0.004273924454322303,0.009700342806277485
inventory,ShiftS Worked - Index (1),0.00046454137627945064,2057.6875,2.505653691702937e-5,5.910653333782201e-5,0.0002158501908738532
inventory,Change in DDI 1/y,0.0009519128738457904,2057.4375,5.234202421212558e-5,0.00012192009533078871,0.0004499177282715581
inventory,ROC in DDI 1/y,0.0009743724302576663,2057.4375,5.223515875064305e-5,0.00012243905535099916,0.00044881350074750314
inventory,Change in Price Index 1/y,0.0013780511503295367,2057.4375,6.368899948479207e-5,0.00019567575108451262,0.0007285820871769157
inventory,Inflation Rate 1/y,0.0003880772220847565,2057.453125,2.104198634294979e-5,4.9448804808765196e-5,0.0001816144559162676
inventory,DELiveries Gu/y,0.010879412675746925,2056.625,0.005643942371371125,0.0043178759920045225,0.009838746853490721
inventory,Pink Noise In Sales (1),0.0,1980.0,0.0,0.0,0.0
inventory,DEmand PUlse 2020-25 (1),0.0,1980.0,0.0,0.0,0.0
inventory,Desired Shifts Worked - Index (1),0.0004893633128120993,2057.453125,2.658407502244274e-5,6.225973877190464e-5,0.00022784156342369637
inventory,GDP Gdollar/y,0.010840011244630222,2053.84375,0.005637552275914879,0.004332425985431197,0.009866409084840344
inventory,OUTPut Gu/y,0.010840011244630222,2053.84375,0.005637552275914879,0.0043324367436116205,0.009866409084840344
inventory,Inventory Coverage y,0.0004908234681911542,2057.234375,2.68380449080796e-5,6.270510364876274e-5,0.00022980788614095744
inventory,National Income Gdollar/y,0.010879412675746925,2056.625,0.005643942371371125,0.0043178602191647885,0.009838746853490721
inventory,SAles Gdollar/y,0.010879412675746925,2056.625,0.005643942371371125,0.0043178602191647885,0.009838746853490721
labourmarket,Embedded CLR kcu/ftj,0.006207038380894574,2100.0,0.0003112375778145666,0.0014855398420279987,0.005476758445472069
labourmarket,Labour Participation Rate (1),0.0007825306321514261,2100.0,0.00013714859920801545,0.0002844819239614977,0.0007309938467853523
labourmarket,Normal Hours Worked kh/ftj/y,0.0014257022537336884,2097.8125,0.00031014478914348026,0.0005204762505343113,0.001355688731545266
labourmarket,Perceived Unemployment RAte (1),0.0014782423489868102,2060.09375,5.834144902707217e-5,0.0002362336933478485,0.0011187342992891715
labourmarket,WAge RAte dollar/ph,0.008110777026924832,2058.109375,0.0019557360591502247,0.002943815381529773,0.007122043438544405
labourmarket,Wage Effect on Optimal CLR (1),0.004478516815362923,2058.8125,0.0011277018779513727,0.0016781914508719692,0.0041202282206476235
labourmarket,WorkForce Mp,0.0025712163544034617,2055.5,0.00010439813442546777,0.00044872273764864,0.002015447482288066
labourmarket,Worker Share of Output (1),0.002996953714755263,2058.203125,0.0007196287527549025,0.001097939140186554,0.002746560567701578
labourmarket,Average Gross Income per Worker kdollar/p/y,0.006962380551950687,2058.078125,0.0014756939998799188,0.0022273044255588814,0.005526322965858157
labourmarket,Average Hours Worked kh/y,0.0014257022537336884,2097.8125,0.00031014478914348026,0.0005204762505343113,0.001355688731545266
labourmarket,Average Hours Worked in 1980 kh/y,0.0,1980.0,0.0,0.0,0.0
labourmarket,AVailable WOrkforce Mp,0.0015564675140793125,2059.625,0.00013581254725512066,0.0004225329967491795,0.0013530297233252922
labourmarket,Working Age Population Mp,0.0020660278106945425,2099.96875,8.830394068122706e-5,0.00034109911044918466,0.001683499207400775
labourmarket,Change in Embedded CLR kcu/ftj/y,0.017188005273568195,2096.5625,0.002075734091689519,0.004440576423659402,0.014561059378062768
labourmarket,ROC in ECLR 1/y,0.0001330031871707316,2096.609375,4.325839519122939e-5,5.1620031288238565e-5,0.00011995667114024282
labourmarket,CHange in WOrkforce Mp/y,4.075986519437821,2047.625,0.0037666049846273456,0.03344586786626665,0.12695613823018898
labourmarket,Hiring/Firing Delay y,1.886792097095412e-7,1980.0,1.886792097095412e-7,1.8867920970954095e-7,1.886792097095412e-7
labourmarket,OPtimal WOrkforce Mp,0.0026766328401588687,2054.875,0.00010516107389326128,0.00047106404550349457,0.0021009526997198907
labourmarket,Change in WSO 1/y,0.00104915251072563,2056.40625,2.1780422961346877e-5,0.0001354611908962845,0.0006328389265837511
labourmarket,ROC in WSO - Table 1/y,0.001949989616531985,2059.296875,2.5124315806179746e-5,0.00021872105861832703,0.0011564342326492235
labourmarket,Change in Wage RAte dollar/ph/y,0.018410883958165362,2059.296875,0.0006141251529466651,0.0025268008062523674,0.011380126275082614
labourmarket,GDPppeoROCCLR,0.005379432040182585,2096.578125,0.0012459126986814192,0.0017524299684453823,0.004606484358963723
labourmarket,Extra Normal LPR from 2022 (1),0.0,1980.0,0.0,0.0,0.0
labourmarket,Hours Worked Mult from GDPpP (1),0.0011310227104338393,2096.625,0.00034164875424029176,0.00042272272896060823,0.0010068855815059273
labourmarket,Indicated Wage Effect on Optimal CLR (1),0.004686866759909369,2058.15625,0.0011350432777035137,0.0017047137253390372,0.004200542857057024
labourmarket,Indicated Labour Participation Rate (1),0.0008542486270701366,2058.0625,0.00020435288703453126,0.00031704685237154723,0.0007989086291318969
labourmarket,Normal LPR (1),0.0008344298764371664,2058.25,0.00019781174186201032,0.00030844022563100774,0.0007792127718406273
labourmarket,Perceived Surplus Workforce (1),7.333629605668442e-5,2060.125,2.8710302956881097e-6,1.165950571255635e-5,5.4834313700881193e-5
labourmarket,LAbour PRoductivity dollar/ph,0.010354590441619075,2057.859375,0.006708352353628321,0.0046130592202997,0.009464330335036795
labourmarket,LAbour USe Gph/y,0.0027731938738376014,2100.0,0.00029683502540992147,0.0006261085535530573,0.002191108761209483
labourmarket,LAbour USe in 1980 Gph/y,0.0,1980.0,0.0,0.0,0.0
labourmarket,Long-Term Erosion of WSO 1/y,6.782487133353342e-5,2058.265625,1.60330417028404e-5,2.515687723776787e-5,6.369424966680553e-5
labourmarket,Optimal Capital Labour Ratio kcu/ftj,0.006991638665323731,2058.703125,0.001494717887048297,0.0017237814760692838,0.005420609657507176
labourmarket,Participation (1),0.000981928365366237,2056.3125,0.00010597373767473458,0.0002925166905484301,0.0008004650042701885
labourmarket,Unemployment perception time y,1.886792097095412e-7,1980.0,1.886792097095412e-7,1.8867920970954095e-7,1.886792097095412e-7
labourmarket,UNemployment RAte (1),0.0017207975067050343,2059.328125,5.720688677125282e-5,0.00026120670358785615,0.001232960027470856
labourmarket,Time to Change Tooling y,1.886792097095412e-7,1980.0,1.886792097095412e-7,1.8867920970954095e-7,1.886792097095412e-7
labourmarket,UNEMployed Mp,0.7575457814178239,2056.875,0.001490295822438675,0.021242444580994967,0.0947943559494432
labourmarket,Wage Rate Erosion dollar/ph/y,0.0,1980.0,0.0,0.0,0.0
labourmarket,WAge Share (1),0.0016633825847812602,2043.078125,0.0003737008222048279,0.0004556419339140561,0.0014297364917774506
labourmarket,Wage Rate Erosion Rate 1/y,0.0,1980.0,0.0,0.0,0.0
other,Past GDP per Person kDollar/y,0.00999160314950637,2057.984375,0.004980289229083567,0.0043937285738286464,0.009354822899925631
other,Cost of Food and Energy TAs GDollar/y,0.009590069844355282,2046.65625,0.004612888188705574,0.0037293167883214132,0.008452259008131532
other,Cost of TAs GDollar/y,0.009590069844355282,2046.65625,0.004612888188705574,0.0037293167883214132,0.008452259008131532
other,Fraction Below 15 kDollar/p/y (1),0.004436719721571338,2042.359375,1.4596197393867638e-5,0.000759690669055104,0.003900494423588148
other,Logistic K (1),0.0020313043873844173,2058.015625,0.0005169152275789389,0.0007049535265340048,0.0016281536003917377
other,Inequity Effect on Logistic k (1),0.004414013094745797,2057.984375,0.0011335919065795098,0.001516018174141389,0.003543760864529014
other,Population Below 15 kDollar/p/y Mp,0.13128131591992953,2066.578125,0.011205919129821551,0.03778304203598097,0.11786323247315868
other,Rate of Growth in GDP per Person 1/y,0.0005723793667902095,2043.234375,3.526679482389771e-5,0.00011327786896118905,0.0004693043435671821
output,Capacity PIS Gcu,0.005871131597098296,2057.59375,0.0005686238097632123,0.001658501601959253,0.005284626298501402
output,Capacity PUS Gcu,0.00890906088477858,2066.84375,0.002579498940034812,0.0037507394930637733,0.008718598194220686
output,Capacity Under Construction PIS Gcu,0.00888539107964019,2054.859375,0.000906426227620773,0.0020912915854231083,0.008034116146906257
output,Capacity Under Construction PUS Gcu,0.01143847816301539,2054.46875,0.0050754755060993225,0.004294595882587712,0.01012567279874963
output,Embedded TFP (1),0.005453585815841363,2098.625,0.0038185720335340585,0.0028088848358413174,0.005403862241866283
output,Fraction of Available Capital to New Capacity (1),0.0022289934707536234,2053.84375,0.00017562754921823407,0.0003722382104310636,0.001622559784717329
output,Output Growth Rate 1/y,0.0006451899425668561,2059.28125,7.407503209102188e-5,0.00014614237842219317,0.0005238247508448198
output,Output Last Year Gdollar/y,0.010469709877314354,2056.21875,0.005628286290774863,0.004292405476633618,0.00961626699911383
output,Perceived Excess DEmand (1),0.0004227626596010736,2053.390625,2.3307839248722735e-5,5.522694267201987e-5,0.0002206510463664882
output,AVailable CApital Gdollar/y,0.006087689638732189,2098.90625,0.0011556379829630015,0.0017627109234358536,0.005295879365341696
output,Capacity Addition PIS Gcu/y,0.008885323642538896,2054.859375,0.0009054155567265971,0.002091248536134625,0.008032805629082831
output,Capacity Addition PUS Gcu/y,0.011439391286103199,2054.421875,0.005077237217302423,0.00429450866252759,0.010122354553120052
output,Capacity Initiation PIS Gcu/y,0.010179920000945867,2053.859375,0.0009022391059185538,0.002191533616099288,0.008473122904719537
output,Investment in New Capacity PIS Gdollar/y,0.010154241376975208,2053.875,0.0011065720539589255,0.0022753917092804676,0.008431286528957749
output,Off-Balance Sheet Govmnt Inv in PIS (share of GDP),0.0,1980.0,0.0,0.0,0.0
output,COst of CApacity dollar/cu,7.192682031178087e-6,2048.375,1.997728092790867e-6,2.220293825845198e-6,5.929983988610122e-6
output,Capacity Initiation PUS Gcu/y,0.012174963245333188,2053.421875,0.005170135710778532,0.00434720487174552,0.01021103229187528
output,Off-Balance-Sheet Govmnt Inv in PUS (share of GDP),0.0,1980.0,0.0,0.0,0.0
output,Capacity Discard PIS Gcu/y,0.006081645228988142,2057.65625,0.0005820311353239317,0.0016944019727848055,0.005443991487088947
output,Life of Capacity PIS y,0.0004005509209493968,2053.4375,2.1290534032458193e-5,5.201866260744174e-5,0.0002108500522819499
output,Capacity Discard PUS Gcu/y,0.008914165634460671,2066.9375,0.002579553690077096,0.003752784063574735,0.008720926861601815
output,Life of Capacity PUS y,7.935125592036746e-6,2049.46875,1.7118766674541675e-6,2.287395031253049e-6,6.639214687044753e-6
output,OWeoCOC (1),7.192682031178087e-6,2048.375,1.997728092790867e-6,2.220293825845198e-6,5.929983988610122e-6
output,Capacity Renewal Rate 1/y,0.00039648202761254005,2044.78125,7.827950190624859e-5,0.00010365532205092711,0.0002841613184561652
output,CUC PIS in 1980 Gcu,0.0,1980.0,0.0,0.0,0.0
output,CUC PUS in 1980 Gcu,5.54763828386843e-6,2048.421875,2.9662283230771376e-6,2.2935877787520288e-6,4.8332289477841685e-6
output,Life of Capacity PUS in 1980 y,7.935125592036746e-6,2049.46875,1.7118766674541675e-6,2.287395031253049e-6,6.639214687044753e-6
output,Effect of Capacity Renewal 1/y,0.0008430056625556259,2037.125,0.0001538639861269283,0.00020917837767338605,0.0007127155143399021
output,OWeoLOC (1),2.7554643727555797e-6,2048.375,1.5764658374496363e-6,1.141569614594581e-6,2.387488960799533e-6
output,CAPacity Gcu,0.006444287094506048,2057.828125,0.0013838193037530545,0.002142077881759976,0.005939269389936302
output,CBC Effect on Flow to Capacity Addion (1),0.004157061512860366,2048.453125,0.000155380906440601,0.0007034673090476792,0.0032768774308526783
output,Excess DEmand (1),0.000558334505867163,2052.78125,3.2359440962459065e-5,7.08177811739963e-5,0.0002837189318871465
output,Optimal Ouput - Value Gdollar/y,0.01057625378461481,2055.515625,0.005663087377607493,0.004335361702602296,0.009747593007948557
output,ED Effect on Flow to Capacity Addition (1),0.002063989727336749,2053.359375,0.00011442708839180076,0.0002709156288376091,0.0010850867027265376
output,Excess Demand Effect on Life of Capacity (1),0.0002131187719814241,2053.375,1.1540200675943766e-5,2.7849252896588457e-5,0.00011062071711964044
output,FRACA Mult from GDPpP - Line (1),0.0009674727065522988,2031.671875,0.0,2.889756487965581e-5,0.0001653062793071828
output,WSO Effect on Flow to Capacity Addition (1),0.004649227473147982,2042.671875,0.0010562282303651289,0.0012767858357624559,0.003969750909396615
output,FRACA Mult from GDPpP - Table (1),0.0024921347474105918,2047.0625,0.0005006071463045685,0.0004946793099698494,0.00130251445004879
output,Investment Share of GDP (1),0.0012696152858520573,2068.0625,0.00010875249708539709,0.0004269593963190655,0.0011569342750928772
output,Optimal Real Output Gu/y,0.01057625378461481,2055.515625,0.005663087377607493,0.004335376735139885,0.009747593007948557
population,Aged 0-20 years Mp,0.005368751355065729,2100.0,0.0007805223866207741,0.0020976826481394115,0.005250829396905689
population,Aged 20-40 years Mp,0.0076356671307048546,2100.0,7.814715908110238e-6,0.0016683898493471691,0.00700176242500914
population,Aged 40-60 Mp,0.004179711705063635,2100.0,2.484837502446812e-6,0.0005063002444914087,0.003299078148171799
population,Aged 60 + Mp,0.0014126002161731375,2070.5625,0.0003309413616936845,0.0005581577205383845,0.0014016777385125248
population,Effective GDP per Person kDollar/p/y,0.009015659546146765,2067.203125,0.0034957889759530477,0.004090853038918437,0.008912304209917305
population,Passing 20 Mp/y,0.0064198632717446585,2100.0,5.965880977644341e-5,0.0019762048892936457,0.006045157363389569
population,Births Mp/y,0.007603593451721151,2100.0,0.003317471698376805,0.003185404143727004,0.0072341438283066535
population,Passing 40 Mp/y,0.005422490184311522,2100.0,3.529030474769463e-6,0.0009667544252503817,0.005068894833791563
population,Aged 20-Pension Age Mp,0.0020660278106945425,2099.96875,8.830394068122706e-5,0.00034109911044918466,0.001683499207400775
population,On Pension Mp,0.0010317263505036554,2074.765625,0.00015701576334483094,0.000346645403414804,0.0010170617685519693
population,Passing 60 Mp/y,0.00282711249881843,2100.0,1.1363853903691774e-6,0.0002335623764622955,0.0018012097501804022
population,Deaths Mp/y,0.002518266538978043,2047.75,0.000280858588193302,0.000635416742962122,0.0023562999272396536
population,Birth Rate 1/y,4.3264332419924504e-5,2049.859375,1.9793625344886454e-5,1.5201037017622651e-5,3.643695811420631e-5
population,Population Mp,0.001992372689110987,2100.0,0.00010692745314530402,0.0004283045504260564,0.0016757631789417143
population,Observed Fertility 1,0.003548608794934038,2049.859375,0.0003968230510263478,0.0008883700698714904,0.0028424321344621335
population,Cost of Extra Fertility Reduction (share of GDP),1.0077958290879435e-5,2049.859375,6.059413339240344e-18,5.07715208794558e-7,4.476574182930203e-6
population,Extra Fertility Reduction (1),0.0008422758328312619,2049.859375,5.088522196198635e-16,4.354209087859651e-5,0.00038668058966330774
population,Death Rate 1/y,3.5400357297879305e-5,2099.96875,4.872127495493461e-6,8.664058207690782e-6,2.9674971915791342e-5
population,LE at 60 y,0.0021336187209864336,2048.671875,0.0009927398620103271,0.000815541709020754,0.0020641954631416934
population,Desired No of Children 1,0.0038991058612458424,2049.84375,0.0004349076454798769,0.0009755773476981197,0.0031248082309928964
population,Fertility Multiplier (1),2.4961060745400957e-6,2022.40625,5.015152446773838e-7,7.104771390007895e-7,2.0171879080027394e-6
population,Dependency Ratio p/p,0.0033523361977365563,2099.984375,6.443103609350546e-5,0.0005723052271842151,0.002898295971731202
population,Extra Pension Age y,0.0,1980.0,0.0,0.0,0.0
population,GDP per Person kDollar/p/y,0.010844009229693873,2053.875,0.006202712231332583,0.0046182489244610435,0.009883099572344118
population,Life Expectancy y,0.0006737488799606431,2049.5625,0.0003765501970406198,0.00027274253378689037,0.0006651052462434635
population,Life Expectancy Multipler (1),2.5120816728264615e-6,2024.453125,5.626541671872076e-7,7.927648990515146e-7,2.2513378337026827e-6
population,Warming Effect on Life Expectancy (1),2.458795732877899e-6,2022.6875,2.1172733349703847e-7,2.397429736539985e-7,6.260011347621241e-7
population,Pension Age y,0.0005710781543078913,2054.53125,0.0003229841170283353,0.0002317938317541364,0.0005631618390729686
population,Population Growth Rate 1/y,5.4597135193791355e-5,2100.0,1.649519105311666e-5,1.6583102816766775e-5,4.9920832401951746e-5
population,Pensioners per Worker p/p,0.0005062830516365653,2099.96875,2.7427767918307973e-5,0.0001189659550142355,0.0004815518716637059
public,TFP Excluding Effect of 5TAs (1),0.0014292242374252546,2100.0,0.00024500606285687837,0.0005918055145682576,0.0014061232733687107
public,Reduction in TFP from Unprofitable Activity (1),0.00010810123882066343,2046.75,3.94001840395734e-5,3.495660463625521e-5,9.236394729139041e-5
public,Change in TFP 1/y,0.0003398637650790652,2056.84375,6.115844180562016e-5,6.48782087854047e-5,0.00023236115171884305
public,Rate of Technological Advance 1/y,0.00010859239818676121,2056.84375,3.2748752500746617e-7,1.4560610099242973e-5,8.62132091112182e-5
public,Domestic Rate of Technological Advance 1/y,3.819713078071426e-6,2046.90625,2.7858235557344355e-7,7.044238781527574e-7,2.86286957339304e-6
public,State Capacity (fraction of GDP),0.0005791737656811351,2046.859375,4.238225969329922e-5,0.00010793680525977083,0.0004364110922174794
public,Extra Cost of TAs From 2022 GDollar/y,0.022807172011486104,2053.59375,0.010216215133779096,0.008485689788994928,0.02028647425905894
public,Extra Cost of TAs as share of GDP (1),0.0003847376655102467,2046.375,0.00012741072428956173,0.00011622213375631577,0.00030336583470830496
public,Govmnt Spending as Share of GDP,0.0004161785279936653,2052.546875,2.3717452745986643e-5,6.510674064370108e-5,0.00023533233897879476
public,Infrastructure Purchases Ratio y,0.005035975354737726,2042.921875,0.0008178335099598167,0.0011738754618684144,0.004167979817157677
public,Imported ROTA 1/y,0.00010785341202995258,2056.84375,0.0,1.4061769188938771e-5,8.514714462905492e-5
public,Indicated TFP (1),0.006121178452886503,2048.140625,0.004852528242651385,0.0033300709110924936,0.006011815588078957
public,OWeoTFP,2.7554643727555797e-6,2048.375,1.5764658374496363e-6,1.141569614594581e-6,2.387488960799533e-6
public,Productivity Loss from Unprofitable Activity (1),0.00011798811322491073,2046.375,3.897465834100795e-5,3.557650554959929e-5,9.272182925314179e-5
public,Productivity of Public Purchases (1),0.0017777606490740276,2043.03125,0.0002787859627159705,0.00040441470643696835,0.001468366114533588
public,Public SErvices per Person kdollar/p/y,0.0098927154156488,2062.515625,0.004467246027327365,0.004139295108261713,0.009151034274608965
public,Value of Public Services Supplied GDollar/y,0.010481693275441482,2053.375,0.004783766615997313,0.004094923136501172,0.009588198931027433
public,Public Spending per Person kDollar/p/y,0.01100565222957922,2053.375,0.005137505796016376,0.00405763683366341,0.009435530332795464
public,Reduction in ROTA from Inequality 1/y,9.571973128328948e-7,2015.296875,0.0,4.337034591923772e-8,3.8737965084281247e-7
public,TFP Including Effect of 5TAs (1),0.0014517565022472317,2099.984375,0.000296788544876123,0.0006164393920637992,0.001430008574364436
public,XExtra Cost of TAs as share of GDP (1),0.0,1980.0,0.0,0.0,0.0
wellbeing,Observed Rate of Progress 1/y,0.0007505377616634961,2050.546875,7.501905419248167e-5,0.0001673385474818233,0.0006805639658088868
wellbeing,Past AWI (1),0.013610000349169274,2068.984375,0.003215230286840322,0.0057466032386330685,0.013434073286521436
wellbeing,Reform Delay y,0.007168326043882128,2060.96875,0.00041068387213330894,0.0018528568437194135,0.006970441173044577
wellbeing,Social Trust (1),0.0003151813489927854,2064.671875,1.7380759566145827e-5,7.017552778201751e-5,0.0002708814367784057
wellbeing,Average WellBeing from Disposable Income (1),0.011958375920516455,2058.65625,0.005803739861925063,0.004825601253608185,0.010512113496617338
wellbeing,Average WellBeing from INequality (1),0.005302860760207321,2057.984375,0.0013661919790915191,0.0018144483451151513,0.004262402928623787
wellbeing,Average WellBeing from Global Warming (1),2.3332331469533244e-5,2084.0,7.742944052919117e-6,1.0829558392944624e-5,2.294168624667116e-5
wellbeing,Average WellBeing Index (1),0.017128567527466502,2058.171875,0.00803769188795842,0.0066196500427534045,0.014643721822851565
wellbeing,Average WellBeing from Progress (1),0.0025987745328120717,2050.578125,0.00011010127958768708,0.0005778954155678137,0.0023593747307577772
wellbeing,Average WellBeing from Public Spending (1),0.010164965733211231,2053.375,0.004848183606038207,0.003779421518740552,0.008762415693470605
wellbeing,WellBeing Effect of Participation (1),0.00044466482218174564,2099.75,7.692498647753662e-5,0.00016093574522001817,0.0004134786127965032
wellbeing,Inequity Effect on Social Trust (1),0.0005891670401588456,2035.84375,0.0,2.802007930076637e-6,4.835673613800782e-6
wellbeing,Introduction Period for Policy y,0.007168326043882128,2060.96875,0.00041068387213330894,0.0018528568437194135,0.006970441173044577
wellbeing,Indicated Reform Delay y,0.00905762214886122,2051.96875,0.0009871699546800388,0.0021569956576784535,0.008544541885213417
wellbeing,Social TRust Effect on Reform Delay (1),0.0004138649598437146,2064.5625,2.3608648525045235e-5,9.144172878372977e-5,0.0003560882645749695
wellbeing,Social TEnsion Effect on Reform Delay (1),0.004456796035538598,2050.671875,0.0004611842113106584,0.001004184363981433,0.004042391731954663
wellbeing,Indicated Social Trust (1),0.0010257987054471378,2052.515625,5.6049004406739024e-5,0.00016150830586027904,0.0005791900512694228
wellbeing,Public Spending Effect on Social TRust (1),0.0010257987054471378,2052.515625,5.822815315392349e-5,0.0001614276813402967,0.0005791900512694228
wellbeing,Public Spending as Share of GDP,0.0004161785279936888,2052.546875,2.3717452746009936e-5,6.51067406437013e-5,0.00023533233897879476
wellbeing,Social TEnsion (1),0.005056448027193556,2050.6875,0.000525548255962817,0.0011405378857749272,0.004584976746187765
