year,workforce,working_age,available_workforce,lpr,wf_over_wap,wf_over_avwo
1980,1530.0,1977.142857142857,1581.7142857142858,0.8,0.7738439306358381,0.9673049132947976
1981,1589.2162477520276,2041.6951241090173,1633.1886685994305,0.7999179942755379,0.7783807822167138,0.9730757249956233
1982,1662.8572239909508,2107.3422671849958,1685.578658720717,0.7998599396823782,0.7890779062730082,0.9865200982391349
1983,1743.8553372583385,2174.1301517006013,1739.7472597084743,0.8002038232842899,0.8020933502505807,1.0023613070961541
1984,1808.4513078549685,2243.0666648928673,1797.8009004717248,0.8014924070736841,0.8062405527930857,1.005924130631178
1985,1843.7155073818421,2314.0512930797427,1860.2385112464874,0.8038881924569263,0.7967478996232895,0.9911178035694069
1986,1856.7764257721144,2385.040097912614,1924.885661086249,0.8070663729179682,0.7785095216626188,0.964616477388221
1987,1871.2302440101253,2454.993878790435,1988.5741925138384,0.8100118740392137,0.7622138124971914,0.9409909125113538
1988,1908.063322805972,2524.676918912205,2049.936943954581,0.8119601080829887,0.7557653450676333,0.9307912267413859
1989,1969.0637761865582,2594.479948229946,2108.919019943241,0.8128484559620616,0.7589435322211411,0.9336839193756966
1990,2047.6380787759285,2664.1190477518912,2165.7200655545967,0.8129216550522144,0.7685985656323511,0.9454768006924156
1991,2138.140722634367,2733.9252702757785,2221.217513643242,0.8124646045717197,0.7820772373996481,0.9625985341378782
1992,2235.400995168252,2804.24148212413,2276.4935796680043,0.8118036888690584,0.7971499635170513,0.9819491761950213
1993,2327.6406202065727,2874.498572114132,2332.4366447330535,0.8114238313980433,0.8097553579560984,0.9979437707183555
1994,2393.002585769453,2944.271583929117,2390.585461400501,0.8119446162674558,0.8127655746267817,1.0010111014259813
1995,2414.113897249388,3013.748992643751,2452.1845121852107,0.813665808987656,0.8010334978599711,0.9844748163334999
1996,2404.237867675895,3082.6720088164448,2515.760293152106,0.8160972967467928,0.7799201020412722,0.9556704882497054
1997,2401.9163982563714,3150.3914857302143,2577.4018176583063,0.8181211221947239,0.7624183880434918,0.9319138295784349
1998,2431.045594617839,3216.987329710665,2635.0882804677435,0.8191167730538568,0.7556901365963684,0.9225670398360674
1999,2488.1766854357115,3283.265379178415,2689.425171902792,0.8191312188647322,0.7578359949868987,0.9251704458746122
2000,2564.900948457685,3349.755252510731,2741.4315048465783,0.8183975539083943,0.7656980152610323,0.935606431867145
2001,2656.8465445523466,3416.362741389311,2791.7811305618147,0.8171793635199577,0.7776828005892323,0.9516672046628835
2002,2759.784602194805,3483.153096317097,2841.345954011109,0.8157396116224115,0.7923236578698927,0.9712948183232794
2003,2863.760596397632,3550.578385178477,2891.7380396975786,0.8144414024962356,0.8065617163536242,0.9903250422701246
2004,2947.136623257132,3618.6979117719193,2944.963995814843,0.8138186904838437,0.8144190797661934,1.0007377432951223
2005,2981.851237689336,3687.1401296919657,3002.8377695748595,0.814408366363262,0.8087165480034111,0.9930111003337703
2006,2965.3714781720064,3755.7597898272697,3065.052353761145,0.8160938199676793,0.7895530183277206,0.9674782469973737
2007,2936.060867939592,3824.47141778702,3128.065172522174,0.8179078441988169,0.7677037026043471,0.9386188285751833
2008,2937.670114315683,3892.9010775808697,3187.9417426146474,0.8189115723936404,0.7546223383978748,0.921494290515579
2009,2978.336112175261,3960.9164049830742,3243.6688321765296,0.8189187805366951,0.7519310704028827,0.9181998120864798
2010,3046.492962511401,4029.0357787071625,3296.2131370582565,0.818114635387017,0.7561345021088296,0.9242402829661309
2011,3133.9032415035063,4097.577208172493,3346.654369313488,0.8167397950766341,0.7648185945716977,0.9364287122803111
2012,3237.753221648653,4166.040863085417,3395.432767456857,0.8150262753165031,0.7771774997066966,0.9535612816959693
2013,3352.5952008272257,4234.135789497961,3443.2716050403606,0.8132170946384852,0.7918015310568821,0.9736656254242622
2014,3463.76597182119,4302.235993683817,3492.0015727843615,0.8116713211248817,0.8051083150497559,0.9919142072606062
2015,3543.643545268364,4370.225446549555,3543.859367895664,0.8109099659134665,0.8108605811323061,0.99993909955083
2016,3561.580290449789,4437.354466845602,3600.425629492438,0.8113901326552994,0.8026359663309979,0.9892109036430438
2017,3522.773825103421,4503.337449000172,3660.551793290274,0.8128530972296975,0.7822584616406095,0.9623614209094384
2018,3478.252855461868,4568.179740963575,3719.789913747267,0.8142827394446271,0.7614089314988717,0.9350670161793956
2019,3474.2327412292334,4631.4513758296425,3774.109976981383,0.8148870992530539,0.7501390944878237,0.9205435884006755
2020,3514.252658161999,4692.880639243352,3822.7195144063103,0.8145784664624796,0.7488476542051181,0.9193069606384088
2021,3583.593399247964,4753.021243471829,3866.8320368163477,0.8135524414344576,0.7539611576889019,0.9267517609061756
2022,3672.918760447231,4812.265626242077,3907.747223043014,0.8120389701128352,0.7632410689090394,0.9399069465877787
2023,3780.570931402598,4871.384314220722,3947.1061486377384,0.8102637554411797,0.7760773298805881,0.9578082749832769
2024,3903.0790210219075,4928.787585602542,3984.7889784091635,0.8084724507197494,0.7918943458677694,0.9794945333793116
2025,4016.6974206721497,4985.337808616987,4023.560950547372,0.807078899165626,0.8057021559761557,0.9982941653029294
2026,4080.029447984435,5040.861753569596,4066.3373695183805,0.8066750425438421,0.8093912603525053,1.0033671771970254
2027,4061.6007201212215,5094.64805451179,4114.304455078173,0.8075738325897841,0.7972289109400387,0.9871901227698643
2028,3981.607237150771,5146.730320232613,4165.559426052391,0.8093603446982479,0.7736187811314772,0.9558397396154908
2029,3907.533420939999,5197.22631164164,4214.36551917254,0.8108874361950491,0.7518497726734036,0.9271937621839728
2030,3887.687685909199,5245.673541635066,4256.578814894363,0.811445619158297,0.7411226899753687,0.9133362390250211
2031,3916.524820294037,5291.97108120711,4292.068143148326,0.8110528340546593,0.7400880995367551,0.912502944890614
2032,3973.9269978136895,5336.850582421686,4322.550276493006,0.8099440315474554,0.7446202467992747,0.9193477793479446
2033,4050.285671626762,5380.564154570329,4349.348484789553,0.8083443222389893,0.7527622671660537,0.9312396295195321
2034,4143.90202790918,5422.472523031667,4372.9354886172505,0.806446776824306,0.7642089490187685,0.9476247794406654
2035,4248.062519309122,5462.5289750720885,4394.374887133088,0.8044579547653742,0.7776732240130699,0.9667046231644062
2036,4348.624788672417,5501.381597230713,4415.634897629947,0.802641085623417,0.7904604892090068,0.9848243547052549
2037,4421.694383379465,5538.866350799799,4438.821057866621,0.8013952272427851,0.7983031370202646,0.9961416163742839
2038,4435.227245473945,5574.314530856664,4465.949215472051,0.8011656304556826,0.79565428554896,0.9931208420615999
2039,4377.923066346096,5607.820455410039,4497.338140314845,0.8019761288855322,0.7806817463498812,0.9734476105102496
2040,4293.701515647185,5639.611098770231,4529.415669284269,0.8031432646609178,0.7613470929907677,0.9479592576950813
2041,4246.113822350923,5669.199189304518,4557.0674666303385,0.8038291325567954,0.7489794732140688,0.9317645291502903
2042,4254.688303182337,5696.26914204634,4578.347766661133,0.8037449868487776,0.7469254343648998,0.9293064922163323
2043,4302.237710833412,5721.349257829945,4594.355883643446,0.8030196508901893,0.7519620839342381,0.9364180354747843
2044,4373.194605761265,5744.802246317911,4606.546750062161,0.8018634154055856,0.761243715319223,0.9493433678280272
2045,4460.993839792874,5766.139076137618,4615.748290446158,0.8004920154541197,0.7736535281041156,0.9664725108659845
2046,4552.670709422798,5785.136125160192,4623.41921392654,0.7991893559459702,0.7869599972976838,0.9846977958886715
2047,4618.387836445658,5802.26936739208,4632.347845090511,0.7983682851960718,0.7959623285330967,0.9969864075169466
2048,4623.564060881808,5817.536837497512,4645.347663870463,0.7985076491356983,0.7947631772746441,0.9953106625025981
2049,4558.558245394769,5830.3543560579155,4662.48584694684,0.7996916760475073,0.7818664127435562,0.9777098301284655
2050,4463.212034283628,5840.661293324223,4680.2261555171735,0.8013178509198252,0.7641621059904644,0.9536317019685633
2051,4399.170335113077,5848.763950219032,4693.786482503714,0.8025262298930589,0.7521538520884111,0.9372327334255977
2052,4393.697239008233,5854.528747553877,4700.88047004153,0.8029477132562786,0.750478378100713,0.9346541072484271
2053,4435.48275221956,5857.747236173846,4701.899622932612,0.8026805243313625,0.7571994101808874,0.943338460605655
2054,4502.377046967818,5858.748488488446,4698.464065388733,0.8019569494441524,0.7684878529628483,0.9582657192452761
2055,4580.0829709077625,5857.8043683813885,4692.324206006381,0.8010380529834852,0.7818770793421559,0.9760798209648547
2056,4650.819699084627,5854.587548609162,4685.484367505651,0.8003098986227907,0.794388957457728,0.9926016894514841
2057,4681.1277914014445,5848.926252206362,4680.7172920668545,0.8002695007995989,0.8003396845080079,1.0000877000914552
2058,4634.349525615965,5841.139899191585,4680.690387760903,0.8013316695956403,0.7933981389929319,0.9900995668788283
2059,4525.758167131224,5831.241137252138,4684.026488598204,0.8032640699207069,0.7761226230585795,0.9662110532781496
2060,4421.738722987364,5818.857492390443,4685.1663177749,0.8051694553272497,0.7598980949043436,0.9437741209339514
2061,4372.925645381926,5803.9916251999,4679.9340845326615,0.8063302614382176,0.753434175610361,0.9343989822067348
2062,4379.240358038077,5787.037015701045,4668.0651054760565,0.806641653200237,0.7567327366589469,0.9381275237358703
2063,4421.573159855916,5768.12154319052,4650.923729661196,0.8063151400045969,0.7665533964130395,0.950687092901008
2064,4484.7510987706955,5747.0763921810685,4629.898690003701,0.8056093871142387,0.7803534863173606,0.9686499422662552
2065,4549.34978262269,5723.999633393651,4607.136442509891,0.8048806320028374,0.7947851282313007,0.9874571416305354
2066,4584.390418363905,5699.178050558488,4585.680360749842,0.8046213541793926,0.8043950158592886,0.9997187020715665
2067,4554.321399020357,5672.567412355925,4568.613466777791,0.8053872496652021,0.8028677436428844,0.9968716837479548
2068,4452.670022444818,5643.996876055663,4556.089936410677,0.8072452973423196,0.7889214186731779,0.9773007303610572
2069,4324.530574891436,5613.600699861203,4544.216006688493,0.8095011116128813,0.7703666160292378,0.9516560323114684
2070,4234.9503984631765,5581.559007926533,4527.733382874761,0.8111951116963552,0.7587396984335383,0.9353356393468357
2071,4207.667840178846,5547.818992272698,4504.600153337491,0.8119587462409538,0.7584363956429568,0.934082426175241
2072,4225.853177843002,5512.4165322061235,4475.717434523025,0.8119338240087236,0.7666062883952229,0.9441733620731465
2073,4266.758149030704,5475.670026418226,4442.877905130625,0.8113852521600581,0.7792211963915031,0.9603590825900171
2074,4316.807409076038,5437.7317062889015,4407.913461708401,0.8106162090730802,0.7938617869071252,0.9793312519803753
2075,4355.968307194894,5398.432803389429,4373.158284415252,0.810079229229184,0.8068949759752462,0.9960692076292738
2076,4348.023622539074,5357.797651926212,4341.783885829192,0.8103672754920582,0.8115318839963825,1.0014371366410584
2077,4264.5413800882725,5316.0978607213565,4315.897270972591,0.8118543683819535,0.8021939196412018,0.9881007615195749
2078,4131.666323484679,5273.324896131623,4293.462645976802,0.8141851167043352,0.7835030848403755,0.9623156561886629
2079,4014.5340696039693,5229.266143246675,4268.802984079357,0.8163292644020986,0.7677050583452386,0.9404355470553005
2080,3953.4123232043903,5184.0089577127865,4238.377304470467,0.8175868018446601,0.7626168001354414,0.9327655466242925
2081,3942.369735324435,5137.869663942107,4202.381778871764,0.8179230018940232,0.7673160265220884,0.938127457896713
2082,3962.9160665719546,5090.923876608873,4162.246415352984,0.8175817427711191,0.7784276808341715,0.9521099115982722
2083,4000.7254111284406,5043.05135702748,4119.408229724963,0.816848359869383,0.7933144296762791,0.9711893524559845
2084,4036.494002987905,4994.361205772393,4076.042197809175,0.8161288360758046,0.8082102668750906,0.9902974029948644
2085,4041.182230861,4945.087280403536,4035.147980611906,0.8159912559283734,0.8172115074440558,1.001495422293826
2086,3984.383841752891,4895.175100088283,3999.420808823728,0.8170128191638333,0.8139410256603555,0.9962402138235462
2087,3868.0618121481652,4844.476967358052,3968.496450431627,0.8191795475902235,0.7984477660253223,0.9746920176097075
2088,3736.7041384612835,4793.109769975688,3938.3462638976775,0.8216682806990364,0.7795991157699351,0.9488003055280279
2089,3645.883561823271,4741.225632447018,3904.257712774459,0.8234701352442095,0.7689749116499177,0.9338224651242141
2090,3611.007078117894,4688.761626595006,3864.7566530205786,0.8242595723142311,0.7701408955481959,0.9343426772538546
2091,3614.2959554524477,4635.72224673808,3820.851801438977,0.8242193121314623,0.779661887205525,0.9459398435948921
2092,3635.8241100516716,4582.375115234353,3774.2191274220436,0.8236381859866619,0.7934365953507775,0.963331483229247
2093,3663.4866989888565,4528.854126948152,3726.6392807252737,0.8228658235094304,0.8089213289493962,0.9830537444117408
2094,3678.0653166565544,4474.98558863265,3680.3536458489434,0.8224280442819236,0.8219166841563845,0.9993782311667331
2095,3646.199763132715,4420.759309470829,3638.2737873742008,0.8229974836177424,0.8247903828017206,1.00217849898653
2096,3550.8394753058246,4366.430247352339,3601.723092886041,0.8248667421333498,0.8132133743482878,0.9858724237627486
2097,3421.833524540665,4312.005168442264,3568.411934912418,0.8275527963250393,0.7935596992284732,0.9589233493651146
2098,3315.1890725686485,4257.248873055998,3533.1053457117687,0.8299034073560246,0.7787162957632996,0.9383216032865787
2099,3258.5867083758285,4202.207758669606,3493.069590951728,0.8312462856566647,0.7754463595125715,0.9328719693465907
2100,3242.4457808241655,4147.212495365829,3448.8599392797696,0.831609169564759,0.7818373870273909,0.9401500315786353
