case,variable,base_2100,switched_2100,rel_diff_2100,max_rel_diff,year_of_max
SSP2FA2022F=0,Population Mp,7282.516980299015,5217.527847725345,0.28355431757453764,0.28355431757453764,2100.0
SSP2FA2022F=0,GDP per Person kDollar/p/y,46.53658846899733,48.13739782557445,0.03439894090310354,0.05147628738209694,2093.46875
SSP2FA2022F=0,Average WellBeing Index (1),0.7215392562533501,0.9390463330469483,0.3014487083110619,0.32444984324401427,2096.265625
SSP2FA2022F=0,Social TEnsion (1),1.299848013910796,1.2368765976141873,0.04844521484254211,0.055041441759962915,2097.4375
SSP2FA2022F=0,INEQuality Index (1980=1),1.2693395669486283,1.1226850359598997,0.11553609042626523,0.1520711687343908,2096.109375
SSP2FA2022F=0,OBserved WArming deg C,2.3484525936335103,2.323652724374351,0.010560089365388619,0.010560089365388619,2100.0
SSP2FA2022F=0,Life Expectancy y,95.1860920404215,86.68987761139438,0.08925898991019664,0.08925898991019664,2100.0
SSP2LMA=0,Population Mp,7282.516980299015,7281.574042802418,0.00012947961524120268,0.00012947961524120268,2100.0
SSP2LMA=0,GDP per Person kDollar/p/y,46.53658846899733,46.47135201351582,0.00140183149705892,0.00140183149705892,2100.0
SSP2LMA=0,Average WellBeing Index (1),0.7215392562533501,0.6913349643182259,0.04186091286553211,0.04186091286553211,2100.0
SSP2LMA=0,Social TEnsion (1),1.299848013910796,1.3168592142192408,0.013087068739098878,0.013087068739098878,2100.0
SSP2LMA=0,INEQuality Index (1980=1),1.2693395669486283,1.2724985158653195,0.0024886555173589536,0.0033805848199398793,2096.421875
SSP2LMA=0,OBserved WArming deg C,2.3484525936335103,2.3624753793843447,0.005971074650960888,0.005971074650960888,2100.0
SSP2LMA=0,Life Expectancy y,95.1860920404215,95.1615679579123,0.0002576435483745669,0.0002576435483745669,2100.0
