target_sector,target_variable,source_sector,source_variable,direction
wellbeing,LPR,labourmarket,LPR,reused->replaced
inventory,ORO,output,ORO,same-group
wellbeing,INEQ,demand,INEQ,reused->replaced
finance,IR,inventory,IR,same-group
output,GDPP,population,GDPP,replaced->reused
climate,CO2ELULUC,foodland,CO2ELULUC,same-group
public,GPU,demand,GPU,same-group
demand,GBC,finance,GBC,same-group
population,GDP,inventory,GDP,reused->replaced
energy,IPP,wellbeing,IPP,replaced->reused
wellbeing,WDI,demand,WDI,reused->replaced
demand,WBC,finance,WBC,same-group
public,CPUS,output,CPUS,same-group
finance,OGR,output,OGR,same-group
energy,POP,population,POP,replaced->reused
finance,UR,labourmarket,UR,same-group
output,TPP,demand,TPP,same-group
public,GDP,inventory,GDP,same-group
output,WASH,labourmarket,WASH,same-group
output,CBC1980,finance,CBC1980,same-group
demand,POP,population,POP,replaced->reused
foodland,POP,population,POP,same-group
wellbeing,PSP,public,PSP,reused->replaced
wellbeing,GDPP,population,GDPP,same-group
other,COFO,foodland,COFO,replaced->reused
climate,IPP,wellbeing,IPP,same-group
output,OW,climate,OW,replaced->reused
foodland,GDP,inventory,GDP,reused->replaced
other,CE,energy,CE,same-group
labourmarket,A20PA,population,A20PA,replaced->reused
foodland,OW,climate,OW,same-group
labourmarket,CAP,output,CAP,same-group
inventory,TPP,demand,TPP,same-group
demand,IPP,wellbeing,IPP,replaced->reused
foodland,CO2CA,climate,CO2CA,same-group
output,LAUS,labourmarket,LAUS,same-group
foodland,IPP,wellbeing,IPP,same-group
other,INEQ,demand,INEQ,same-group
other,POP,population,POP,replaced->reused
output,TS,demand,TS,same-group
demand,EGDPP,population,EGDPP,replaced->reused
foodland,GDPP,population,GDPP,same-group
climate,GDP,inventory,GDP,reused->replaced
labourmarket,GDPP,population,GDPP,replaced->reused
other,GDPP,population,GDPP,replaced->reused
public,CTA,other,CTA,same-group
public,POP,population,POP,replaced->reused
energy,GDPP,population,GDPP,replaced->reused
labourmarket,OUTP,inventory,OUTP,same-group
wellbeing,PWA,climate,PWA,same-group
public,INEQI,demand,INEQI,same-group
climate,CRSU,foodland,CRSU,same-group
public,GS,demand,GS,same-group
public,OW,climate,OW,replaced->reused
public,GDPP,population,GDPP,replaced->reused
demand,WF,labourmarket,WF,same-group
population,OW,climate,OW,same-group
energy,CAC,climate,CAC,replaced->reused
output,ITFP,public,ITFP,same-group
demand,NI,inventory,NI,same-group
demand,WSO,labourmarket,WSO,same-group
energy,GDP,inventory,GDP,same-group
climate,CO2EI,energy,CO2EI,reused->replaced
climate,FEUS,foodland,FEUS,same-group
population,IPP,wellbeing,IPP,same-group
output,GDP,inventory,GDP,same-group
output,GIPC,demand,GIPC,same-group
demand,ECTAF2022,public,ECTAF2022,same-group
labourmarket,IR,inventory,IR,same-group
output,CBC,finance,CBC,same-group
labourmarket,IPP,wellbeing,IPP,replaced->reused
