scenario,kind,sector,variable,first_time,max_abs_1980_2100,value_at_first,value_at_end
GL,turns_negative,inventory,Inflation Rate 1/y,2117.203125,0.03135350103478078,-6.55940191098825e-6,-0.0177221504772116
GL,turns_negative,inventory,Change in Price Index 1/y,2117.203125,0.22610593437840612,-6.794169378533149e-5,-0.8804272692862118
GL,turns_negative,foodland,Desired Crop Supply Conv Ag Mt-crop/y,2117.453125,7080.10230867571,-1.018648032548299,-3293.0562162500023
GL,turns_negative,foodland,Desired Crop Yield in Conv Ag t-crop/ha/y,2117.453125,4.776129104025041,-0.0011738383120794634,-3.849685225635497
GL,turns_negative,climate,CO2 absorption GtCO2/y,2126.734375,20.73438014993646,-0.0016806534251881237,-5.944085325440311
GL,turns_negative,population,Births Mp/y,2154.625,122.1068643036081,-0.000557541890305141,-6.888405487668441
GL,turns_negative,population,Birth Rate 1/y,2154.625,0.022642986865357314,-2.491836910493825e-7,-0.010898088859383658
GL,turns_negative,population,Aged 20-40 years Mp,2154.625,2153.85133332905,-0.018148793111748232,-224.2319407742739
GL,turns_negative,finance,Perceived Inflation CB 1/y,2169.0625,0.024961869406402517,-1.3413349327212436e-5,0.1373761736831287
GL,turns_negative,population,Passing 20 Mp/y,2174.953125,119.30274050601565,-0.0025161512400970042,-4.162714928248078
GL,exceeds_10x,population,Dependency Ratio p/p,2175.328125,2.191873460724701,21.930426226290404,-4.680484112902223
GL,turns_negative,demand,Owner Operating Income After Tax GDollar/y,2178.546875,90620.7033666368,-70.90695322216379,-10918.429039798415
GL,turns_negative,demand,Owner Cash INflow GDollar/y,2178.546875,90620.7033666368,-70.90695322216379,-10918.429039798415
GL,turns_negative,demand,INEQuality (1),2178.546875,0.696016489252286,-0.0004798130792248698,-0.2186891759149155
GL,turns_negative,demand,INEQuality Index (1980=1),2178.546875,1.1410106381185017,-0.000786578818401426,-0.3585068457621565
GL,turns_negative,demand,Owner Savings Fraction (1),2179.203125,0.9000054000281821,-0.0001452409841074198,-0.1857029935404043
GL,turns_negative,demand,Owner Savings GDollar/y,2179.203125,59184.37713813775,-0.08304223286313572,2578.202477033712
GL,turns_negative,demand,Permanent Owner Cash Inflow GDollar/y,2179.34375,88939.37627168346,-1.8645339033545412,-13883.472893358401
GL,turns_negative,demand,Owner Consumption GDollar/y,2179.34375,36813.72841868759,-1.8699758904020671,-16461.675370392113
GL,turns_negative,demand,Sales Tax Owners GDollar/y,2179.34375,1104.4118525606277,-0.05609927671206201,-493.85026111176336
GL,exceeds_10x,demand,Owner Tax Rate (1),2179.71875,0.43946038643141155,4.501078879978595,-0.152328354431608
GL,turns_negative,demand,Income Tax Owners (1),2180.15625,45802.91211920497,-7.307827000783366,-2842.5306895751914
GL,turns_negative,demand,Owner Income GDollar/y,2180.15625,152676.37373068323,-24.359423335944555,-9475.102298583972
GL,turns_negative,demand,Owner Tax Rate (1),2180.15625,0.43946038643141155,-271.14769246479347,-0.152328354431608
GL,turns_negative,population,Dependency Ratio p/p,2180.234375,2.191873460724701,-90788.9194326443,-4.680484112902223
GL,turns_negative,output,WSO Effect on Flow to Capacity Addition (1),2180.828125,1.6656884007159651,-0.005748521357320957,0.42216322287937225
GL,exceeds_10x,inventory,Change in Price Index 1/y,2182.796875,0.22610593437840612,2.281485616902907,-0.8804272692862118
GL,turns_negative,demand,Govmnt Cash INflow GDollar/y,2188.765625,60457.04190665709,-18.65713639112255,-16528.084646598592
GL,turns_negative,output,ED Effect on Flow to Capacity Addition (1),2189.0625,1.1625878005378512,-0.013305477506829089,-0.24832552721051915
GL,turns_negative,output,Investment in New Capacity PIS Gdollar/y,2190.125,53986.08866945806,-2.0402045422086936,6001.491569685317
GL,turns_negative,output,Fraction of Available Capital to New Capacity (1),2190.125,1.0545377375927731,-0.00019555105399355005,0.5397700655997648
GL,turns_negative,demand,Owner Taxes GDollar/y,2190.53125,62064.28448100602,-1.8475030345043706,1443.3267412144428
GL,exceeds_10x,inventory,ROC in DDI 1/y,2191.4375,0.035419029478189444,0.3572146364681265,-0.08576007925526863
GL,exceeds_10x,inventory,Change in DDI 1/y,2191.59375,0.03517865869578639,0.35478233410862703,-0.14308030962204213
GL,turns_negative,output,Investment Share of GDP (1),2194.125,0.36780260751251753,-2.0978909618081312e-5,0.06609524094732148
GL,turns_negative,finance,Central Bank Signal Rate 1/y,2194.484375,0.04451699303437242,-0.000898669781848708,0.11351612045733357
GL,turns_negative,finance,3m Interest Rate 1/y,2194.5625,0.04951699303437242,-0.00020842833281086836,0.11851612045733358
GL,turns_negative,finance,Govmnt Borrowing Cost 1/y,2194.5625,0.04951699303437242,-0.00020842833281086836,0.11851612045733358
GL,turns_negative,demand,Govmnt Interest Cost GDollar/y,2194.5625,14649.93577422961,-44.99213123805197,25235.934180105978
GL,turns_negative,demand,Govmnt Finance as Share of NI (1),2194.671875,0.0489606912797153,-0.001048797539223776,0.5933977301242659
GL,turns_negative,finance,10-yr Govmnt Interest Rate 1/y,2194.84375,0.06738182175806423,-0.00014577274721423727,0.14652537938072688
GL,turns_negative,population,Passing 40 Mp/y,2195.265625,117.36084381311,-0.0018603522652336974,-0.441905280871551
GL,turns_negative,inventory,INVentory Gu,2195.421875,139542.7720199031,-314.4023711942227,55304.0082891245
GL,turns_negative,inventory,Inventory Coverage y,2195.421875,0.4237883453742977,-0.0026935653885789774,0.6418573588780068
GL,turns_negative,inventory,Perceived Relative Inventory (1),2195.765625,1.0556296618082084,-0.004412152785753085,1.1429334654254477
GL,exceeds_10x,demand,Bank Cash Inflow as Share of NI (1),2197.03125,0.06319663423482318,0.6348040028715455,0.8377996733692094
GL,exceeds_10x,demand,Govmnt Finance as Share of NI (1),2197.109375,0.0489606912797153,0.4961503269979259,0.5933977301242659
GL,exceeds_10x,public,Infrastructure Purchases Ratio y,2197.171875,6.729804740622709,73.20136694014393,-304.33152467383445
GL,nonfinite,public,Domestic Rate of Technological Advance 1/y,2197.28125,0.013206828409329827,NaN,NaN
GL,nonfinite,wellbeing,Average WellBeing Index (1),2197.28125,3.1236704802042503,NaN,NaN
GL,nonfinite,public,State Capacity (fraction of GDP),2197.28125,0.34136568186596533,NaN,NaN
GL,turns_negative,demand,Govmnt PUrchases GDollar/y,2197.28125,44132.787530220274,-110.16059168185183,-300.4549526311902
GL,nonfinite,public,Change in TFP 1/y,2197.28125,0.06121598969779495,NaN,NaN
GL,turns_negative,wellbeing,Public Spending as Share of GDP,2197.28125,0.22516346889432645,-0.001624308163866291,-0.004486809834420324
GL,nonfinite,public,Rate of Technological Advance 1/y,2197.28125,0.017944077808454934,NaN,NaN
GL,nonfinite,public,Value of Public Services Supplied GDollar/y,2197.28125,111986.16631169168,NaN,NaN
GL,nonfinite,public,Productivity of Public Purchases (1),2197.28125,2.724224573161359,NaN,NaN
GL,turns_negative,demand,Govmnt Share of GDP (1),2197.28125,0.22900687636404318,-0.003280332769924349,-0.009038542050903821
GL,nonfinite,wellbeing,Average WellBeing from Public Spending (1),2197.28125,6.25485007007272,NaN,NaN
GL,nonfinite,public,Public SErvices per Person kdollar/p/y,2197.28125,18.306586962966563,NaN,NaN
GL,turns_negative,demand,Govmnt Spending GDollar/y,2197.28125,58843.71670696037,-146.88078890913576,-400.6066035082536
GL,turns_negative,public,Govmnt Spending as Share of GDP,2197.28125,0.22516346889432648,-0.001624308163866291,-0.004486809834420324
GL,turns_negative,demand,Permanent Govmnt Cash INflow GDollar/y,2197.28125,58843.71670696037,-146.88078890913576,-400.6066035082536
GL,turns_negative,public,Infrastructure Purchases Ratio y,2197.28125,6.729804740622709,-830.3069380432039,-304.33152467383445
GL,turns_negative,demand,Govmnt Investment in Public Capacity GDollar/y,2197.28125,14710.929176740094,-36.72019722728393,-100.15165087706339
GL,turns_negative,public,Public Spending per Person kDollar/p/y,2197.28125,9.318199866650342,-0.23222226184762204,-0.6337963655746635
GL,nonfinite,wellbeing,Observed Rate of Progress 1/y,2197.296875,0.019430089684221212,NaN,NaN
GL,nonfinite,wellbeing,Indicated Reform Delay y,2197.296875,30.0,NaN,NaN
GL,nonfinite,wellbeing,Social TEnsion Effect on Reform Delay (1),2197.296875,1.0210401159680758,NaN,NaN
GL,nonfinite,output,Effect of Capacity Renewal 1/y,2197.296875,0.045065315003581775,NaN,NaN
GL,nonfinite,wellbeing,Social TEnsion (1),2197.296875,1.3273521507584987,NaN,NaN
GL,nonfinite,public,Indicated TFP (1),2197.296875,4.431437490081169,NaN,NaN
GL,nonfinite,public,TFP Including Effect of 5TAs (1),2197.296875,4.618379405876265,NaN,NaN
GL,nonfinite,public,TFP Excluding Effect of 5TAs (1),2197.296875,4.659429828757665,NaN,NaN
GL,nonfinite,wellbeing,Average WellBeing from Progress (1),2197.296875,1.0085589707410605,NaN,NaN
GL,nonfinite,wellbeing,Past AWI (1),2197.296875,2.647788798296439,NaN,NaN
