state,max_rel_diff,year_of_max,rel_1970,rel_2000,rel_2025,rel_2100
pop₊p1(t),0.16177691447954906,2088.0,0.024261979328538897,0.015863472180133155,0.07275586685777975,0.15787009644492597
pop₊p2(t),0.12588528271886373,2100.0,0.03529822685102994,0.05467742196337804,0.02679543697056995,0.12588528271886373
pop₊p3(t),0.13504557100124012,2009.5,0.09720012476322133,0.12865976040734178,0.11726619791106517,0.08986442531457475
pop₊p4(t),0.39984884348859445,2018.0,0.23506486317909064,0.32111759797807,0.3931800720535639,0.042497760560269895
dr₊ehspc(t),0.1504716608054227,2012.5,0.08088830691738755,0.1292272758036663,0.1188258165600984,0.13049445882030528
br₊ple(t),0.284778139841695,2020.5,0.14579511071145018,0.23441281654173265,0.28095339920422835,0.015804202434098736
br₊ple2(t),0.29195855984409674,2015.5,0.1570684068959684,0.25735578677918075,0.2714610450719235,0.0007844282413749919
br₊ple1(t),0.3007060492169394,2011.0,0.16774230723056616,0.2778625641286391,0.252030494529311,0.007453461416572622
br₊diopc(t),0.22027416062915445,2100.0,0.0699225468619209,0.09723427957856941,0.08026449692448907,0.22027416062915445
br₊diopc2(t),0.2838301308939114,2100.0,0.0793478409687328,0.09880681589311542,0.05370599748999726,0.2838301308939114
br₊diopc1(t),0.3706662010802475,2100.0,0.08821699937058873,0.09972941408781319,0.0013857969850759318,0.3706662010802475
br₊aiopc(t),0.43763646504188053,2100.0,0.09259040907070737,0.1001743349332675,0.049232957010256324,0.43763646504188053
br₊fcfpc(t),0.5976170266470403,1934.0,0.018318549357969605,0.005257244193397093,0.09220374496194048,0.3701143244931056
br₊fcfpc2(t),0.6267565896974496,1927.5,0.01756414903198278,0.04543397797701814,0.06907795030899816,0.35394523398060546
br₊fcfpc1(t),0.6626450717497817,1920.0,0.04178288158017057,0.11358168769409101,0.05853315732116123,0.3493150915663075
is₊ic(t),0.13681541492420685,2100.0,0.061738892004284236,0.03828956921505258,0.017508944384094945,0.13681541492420685
ss₊sc(t),0.12438898748660182,2060.0,0.05798131516413812,0.04693600730090613,0.055416031898463405,0.07659213243561218
js₊lufd(t),0.6144238749521742,2097.0,0.0477686045004505,0.013434457852602746,0.11429081856008151,0.5712577139065341
ld₊al(t),0.28768773329574654,2100.0,0.06471791039607637,0.1421449683975335,0.21578806358409997,0.28768773329574654
ld₊pal(t),0.3481522286545681,2100.0,0.007030216480286578,0.0365645915672948,0.2539249761134633,0.3481522286545681
ai₊ai(t),0.5906131192733565,2100.0,0.04002071387421679,0.1254482470660535,0.1443219089559755,0.5906131192733565
leuiu₊uil(t),0.043300023905970174,1986.0,0.015430166536893471,0.035204246696156793,0.013546157624191287,0.013546157624191287
dlm₊pfr(t),0.11605959415809657,2019.5,0.06778103943193067,0.046066267271247,0.08730663766556972,0.11509210447846657
lfd₊lfert(t),0.06159946189399864,2067.0,0.002580552229004798,0.00540350074679418,0.0093640278069883,0.031290513294552624
nr₊nr(t),0.11566625397808362,2020.0,0.005064481257038482,0.042624416490334625,0.10334426726626732,0.036159562512675276
pp₊ppapr3(t),0.26510232232807035,2100.0,0.03111699576373195,0.10587831243354831,0.0572755664878091,0.26510232232807035
pp₊ppapr2(t),0.3046059970548959,2100.0,0.042757861899341394,0.10871591972658319,0.0171058222898541,0.3046059970548959
pp₊ppapr1(t),0.3679396748569901,2100.0,0.06378722593808073,0.10721939212535042,0.057448390121864215,0.3679396748569901
pp₊ppol(t),0.2575984271215468,2100.0,0.027889178719248228,0.115328759763973,0.09359331367395404,0.2575984271215468
